result,center,east,south_east,south
BASE_EMPTY,Empty,Empty,Empty,Empty
BASE_EMPTY,Empty,Empty,Empty,Wall
BASE_EMPTY,Empty,Empty,Empty,Door
BASE_EMPTY,Empty,Empty,Empty,StairN
BASE_EMPTY,Empty,Empty,Empty,StairS
BASE_EMPTY,Empty,Empty,Empty,StairE
BASE_EMPTY,Empty,Empty,Empty,StairW
BASE_EMPTY,Empty,Empty,Wall,Empty
BASE_EMPTY,Empty,Empty,Wall,Wall
BASE_EMPTY,Empty,Empty,Wall,Door
BASE_EMPTY,Empty,Empty,Wall,StairN
BASE_EMPTY,Empty,Empty,Wall,StairS
BASE_EMPTY,Empty,Empty,Wall,StairE
BASE_EMPTY,Empty,Empty,Wall,StairW
BASE_EMPTY,Empty,Empty,Door,Empty
BASE_EMPTY,Empty,Empty,Door,Wall
BASE_EMPTY,Empty,Empty,Door,Door
BASE_EMPTY,Empty,Empty,Door,StairN
BASE_EMPTY,Empty,Empty,Door,StairS
BASE_EMPTY,Empty,Empty,Door,StairE
BASE_EMPTY,Empty,Empty,Door,StairW
BASE_EMPTY,Empty,Empty,StairN,Empty
BASE_EMPTY,Empty,Empty,StairN,Wall
BASE_EMPTY,Empty,Empty,StairN,Door
BASE_EMPTY,Empty,Empty,StairN,StairN
BASE_EMPTY,Empty,Empty,StairN,StairS
BASE_EMPTY,Empty,Empty,StairN,StairE
BASE_EMPTY,Empty,Empty,StairN,StairW
BASE_EMPTY,Empty,Empty,StairS,Empty
BASE_EMPTY,Empty,Empty,StairS,Wall
BASE_EMPTY,Empty,Empty,StairS,Door
BASE_EMPTY,Empty,Empty,StairS,StairN
BASE_EMPTY,Empty,Empty,StairS,StairS
BASE_EMPTY,Empty,Empty,StairS,StairE
BASE_EMPTY,Empty,Empty,StairS,StairW
BASE_EMPTY,Empty,Empty,StairE,Empty
BASE_EMPTY,Empty,Empty,StairE,Wall
BASE_EMPTY,Empty,Empty,StairE,Door
BASE_EMPTY,Empty,Empty,StairE,StairN
BASE_EMPTY,Empty,Empty,StairE,StairS
BASE_EMPTY,Empty,Empty,StairE,StairE
BASE_EMPTY,Empty,Empty,StairE,StairW
BASE_EMPTY,Empty,Empty,StairW,Empty
BASE_EMPTY,Empty,Empty,StairW,Wall
BASE_EMPTY,Empty,Empty,StairW,Door
BASE_EMPTY,Empty,Empty,StairW,StairN
BASE_EMPTY,Empty,Empty,StairW,StairS
BASE_EMPTY,Empty,Empty,StairW,StairE
BASE_EMPTY,Empty,Empty,StairW,StairW
BASE_EMPTY,Empty,Wall,Empty,Empty
BASE_EMPTY,Empty,Wall,Empty,Wall
BASE_EMPTY,Empty,Wall,Empty,Door
BASE_EMPTY,Empty,Wall,Empty,StairN
BASE_EMPTY,Empty,Wall,Empty,StairS
BASE_EMPTY,Empty,Wall,Empty,StairE
BASE_EMPTY,Empty,Wall,Empty,StairW
BASE_EMPTY,Empty,Wall,Wall,Empty
BASE_EMPTY,Empty,Wall,Wall,Wall
BASE_EMPTY,Empty,Wall,Wall,Door
BASE_EMPTY,Empty,Wall,Wall,StairN
BASE_EMPTY,Empty,Wall,Wall,StairS
BASE_EMPTY,Empty,Wall,Wall,StairE
BASE_EMPTY,Empty,Wall,Wall,StairW
BASE_EMPTY,Empty,Wall,Door,Empty
BASE_EMPTY,Empty,Wall,Door,Wall
BASE_EMPTY,Empty,Wall,Door,Door
BASE_EMPTY,Empty,Wall,Door,StairN
BASE_EMPTY,Empty,Wall,Door,StairS
BASE_EMPTY,Empty,Wall,Door,StairE
BASE_EMPTY,Empty,Wall,Door,StairW
BASE_EMPTY,Empty,Wall,StairN,Empty
BASE_EMPTY,Empty,Wall,StairN,Wall
BASE_EMPTY,Empty,Wall,StairN,Door
BASE_EMPTY,Empty,Wall,StairN,StairN
BASE_EMPTY,Empty,Wall,StairN,StairS
BASE_EMPTY,Empty,Wall,StairN,StairE
BASE_EMPTY,Empty,Wall,StairN,StairW
BASE_EMPTY,Empty,Wall,StairS,Empty
BASE_EMPTY,Empty,Wall,StairS,Wall
BASE_EMPTY,Empty,Wall,StairS,Door
BASE_EMPTY,Empty,Wall,StairS,StairN
BASE_EMPTY,Empty,Wall,StairS,StairS
BASE_EMPTY,Empty,Wall,StairS,StairE
BASE_EMPTY,Empty,Wall,StairS,StairW
BASE_EMPTY,Empty,Wall,StairE,Empty
BASE_EMPTY,Empty,Wall,StairE,Wall
BASE_EMPTY,Empty,Wall,StairE,Door
BASE_EMPTY,Empty,Wall,StairE,StairN
BASE_EMPTY,Empty,Wall,StairE,StairS
BASE_EMPTY,Empty,Wall,StairE,StairE
BASE_EMPTY,Empty,Wall,StairE,StairW
BASE_EMPTY,Empty,Wall,StairW,Empty
BASE_EMPTY,Empty,Wall,StairW,Wall
BASE_EMPTY,Empty,Wall,StairW,Door
BASE_EMPTY,Empty,Wall,StairW,StairN
BASE_EMPTY,Empty,Wall,StairW,StairS
BASE_EMPTY,Empty,Wall,StairW,StairE
BASE_EMPTY,Empty,Wall,StairW,StairW
BASE_EMPTY,Empty,Door,Empty,Empty
BASE_EMPTY,Empty,Door,Empty,Wall
BASE_EMPTY,Empty,Door,Empty,Door
BASE_EMPTY,Empty,Door,Empty,StairN
BASE_EMPTY,Empty,Door,Empty,StairS
BASE_EMPTY,Empty,Door,Empty,StairE
BASE_EMPTY,Empty,Door,Empty,StairW
BASE_EMPTY,Empty,Door,Wall,Empty
BASE_EMPTY,Empty,Door,Wall,Wall
BASE_EMPTY,Empty,Door,Wall,Door
BASE_EMPTY,Empty,Door,Wall,StairN
BASE_EMPTY,Empty,Door,Wall,StairS
BASE_EMPTY,Empty,Door,Wall,StairE
BASE_EMPTY,Empty,Door,Wall,StairW
BASE_EMPTY,Empty,Door,Door,Empty
BASE_EMPTY,Empty,Door,Door,Wall
BASE_EMPTY,Empty,Door,Door,Door
BASE_EMPTY,Empty,Door,Door,StairN
BASE_EMPTY,Empty,Door,Door,StairS
BASE_EMPTY,Empty,Door,Door,StairE
BASE_EMPTY,Empty,Door,Door,StairW
BASE_EMPTY,Empty,Door,StairN,Empty
BASE_EMPTY,Empty,Door,StairN,Wall
BASE_EMPTY,Empty,Door,StairN,Door
BASE_EMPTY,Empty,Door,StairN,StairN
BASE_EMPTY,Empty,Door,StairN,StairS
BASE_EMPTY,Empty,Door,StairN,StairE
BASE_EMPTY,Empty,Door,StairN,StairW
BASE_EMPTY,Empty,Door,StairS,Empty
BASE_EMPTY,Empty,Door,StairS,Wall
BASE_EMPTY,Empty,Door,StairS,Door
BASE_EMPTY,Empty,Door,StairS,StairN
BASE_EMPTY,Empty,Door,StairS,StairS
BASE_EMPTY,Empty,Door,StairS,StairE
BASE_EMPTY,Empty,Door,StairS,StairW
BASE_EMPTY,Empty,Door,StairE,Empty
BASE_EMPTY,Empty,Door,StairE,Wall
BASE_EMPTY,Empty,Door,StairE,Door
BASE_EMPTY,Empty,Door,StairE,StairN
BASE_EMPTY,Empty,Door,StairE,StairS
BASE_EMPTY,Empty,Door,StairE,StairE
BASE_EMPTY,Empty,Door,StairE,StairW
BASE_EMPTY,Empty,Door,StairW,Empty
BASE_EMPTY,Empty,Door,StairW,Wall
BASE_EMPTY,Empty,Door,StairW,Door
BASE_EMPTY,Empty,Door,StairW,StairN
BASE_EMPTY,Empty,Door,StairW,StairS
BASE_EMPTY,Empty,Door,StairW,StairE
BASE_EMPTY,Empty,Door,StairW,StairW
BASE_EMPTY,Empty,StairN,Empty,Empty
BASE_EMPTY,Empty,StairN,Empty,Wall
BASE_EMPTY,Empty,StairN,Empty,Door
BASE_EMPTY,Empty,StairN,Empty,StairN
BASE_EMPTY,Empty,StairN,Empty,StairS
BASE_EMPTY,Empty,StairN,Empty,StairE
BASE_EMPTY,Empty,StairN,Empty,StairW
BASE_EMPTY,Empty,StairN,Wall,Empty
BASE_EMPTY,Empty,StairN,Wall,Wall
BASE_EMPTY,Empty,StairN,Wall,Door
BASE_EMPTY,Empty,StairN,Wall,StairN
BASE_EMPTY,Empty,StairN,Wall,StairS
BASE_EMPTY,Empty,StairN,Wall,StairE
BASE_EMPTY,Empty,StairN,Wall,StairW
BASE_EMPTY,Empty,StairN,Door,Empty
BASE_EMPTY,Empty,StairN,Door,Wall
BASE_EMPTY,Empty,StairN,Door,Door
BASE_EMPTY,Empty,StairN,Door,StairN
BASE_EMPTY,Empty,StairN,Door,StairS
BASE_EMPTY,Empty,StairN,Door,StairE
BASE_EMPTY,Empty,StairN,Door,StairW
BASE_EMPTY,Empty,StairN,StairN,Empty
BASE_EMPTY,Empty,StairN,StairN,Wall
BASE_EMPTY,Empty,StairN,StairN,Door
BASE_EMPTY,Empty,StairN,StairN,StairN
BASE_EMPTY,Empty,StairN,StairN,StairS
BASE_EMPTY,Empty,StairN,StairN,StairE
BASE_EMPTY,Empty,StairN,StairN,StairW
BASE_EMPTY,Empty,StairN,StairS,Empty
BASE_EMPTY,Empty,StairN,StairS,Wall
BASE_EMPTY,Empty,StairN,StairS,Door
BASE_EMPTY,Empty,StairN,StairS,StairN
BASE_EMPTY,Empty,StairN,StairS,StairS
BASE_EMPTY,Empty,StairN,StairS,StairE
BASE_EMPTY,Empty,StairN,StairS,StairW
BASE_EMPTY,Empty,StairN,StairE,Empty
BASE_EMPTY,Empty,StairN,StairE,Wall
BASE_EMPTY,Empty,StairN,StairE,Door
BASE_EMPTY,Empty,StairN,StairE,StairN
BASE_EMPTY,Empty,StairN,StairE,StairS
BASE_EMPTY,Empty,StairN,StairE,StairE
BASE_EMPTY,Empty,StairN,StairE,StairW
BASE_EMPTY,Empty,StairN,StairW,Empty
BASE_EMPTY,Empty,StairN,StairW,Wall
BASE_EMPTY,Empty,StairN,StairW,Door
BASE_EMPTY,Empty,StairN,StairW,StairN
BASE_EMPTY,Empty,StairN,StairW,StairS
BASE_EMPTY,Empty,StairN,StairW,StairE
BASE_EMPTY,Empty,StairN,StairW,StairW
BASE_EMPTY,Empty,StairS,Empty,Empty
BASE_EMPTY,Empty,StairS,Empty,Wall
BASE_EMPTY,Empty,StairS,Empty,Door
BASE_EMPTY,Empty,StairS,Empty,StairN
BASE_EMPTY,Empty,StairS,Empty,StairS
BASE_EMPTY,Empty,StairS,Empty,StairE
BASE_EMPTY,Empty,StairS,Empty,StairW
BASE_EMPTY,Empty,StairS,Wall,Empty
BASE_EMPTY,Empty,StairS,Wall,Wall
BASE_EMPTY,Empty,StairS,Wall,Door
BASE_EMPTY,Empty,StairS,Wall,StairN
BASE_EMPTY,Empty,StairS,Wall,StairS
BASE_EMPTY,Empty,StairS,Wall,StairE
BASE_EMPTY,Empty,StairS,Wall,StairW
BASE_EMPTY,Empty,StairS,Door,Empty
BASE_EMPTY,Empty,StairS,Door,Wall
BASE_EMPTY,Empty,StairS,Door,Door
BASE_EMPTY,Empty,StairS,Door,StairN
BASE_EMPTY,Empty,StairS,Door,StairS
BASE_EMPTY,Empty,StairS,Door,StairE
BASE_EMPTY,Empty,StairS,Door,StairW
BASE_EMPTY,Empty,StairS,StairN,Empty
BASE_EMPTY,Empty,StairS,StairN,Wall
BASE_EMPTY,Empty,StairS,StairN,Door
BASE_EMPTY,Empty,StairS,StairN,StairN
BASE_EMPTY,Empty,StairS,StairN,StairS
BASE_EMPTY,Empty,StairS,StairN,StairE
BASE_EMPTY,Empty,StairS,StairN,StairW
BASE_EMPTY,Empty,StairS,StairS,Empty
BASE_EMPTY,Empty,StairS,StairS,Wall
BASE_EMPTY,Empty,StairS,StairS,Door
BASE_EMPTY,Empty,StairS,StairS,StairN
BASE_EMPTY,Empty,StairS,StairS,StairS
BASE_EMPTY,Empty,StairS,StairS,StairE
BASE_EMPTY,Empty,StairS,StairS,StairW
BASE_EMPTY,Empty,StairS,StairE,Empty
BASE_EMPTY,Empty,StairS,StairE,Wall
BASE_EMPTY,Empty,StairS,StairE,Door
BASE_EMPTY,Empty,StairS,StairE,StairN
BASE_EMPTY,Empty,StairS,StairE,StairS
BASE_EMPTY,Empty,StairS,StairE,StairE
BASE_EMPTY,Empty,StairS,StairE,StairW
BASE_EMPTY,Empty,StairS,StairW,Empty
BASE_EMPTY,Empty,StairS,StairW,Wall
BASE_EMPTY,Empty,StairS,StairW,Door
BASE_EMPTY,Empty,StairS,StairW,StairN
BASE_EMPTY,Empty,StairS,StairW,StairS
BASE_EMPTY,Empty,StairS,StairW,StairE
BASE_EMPTY,Empty,StairS,StairW,StairW
BASE_EMPTY,Empty,StairE,Empty,Empty
BASE_EMPTY,Empty,StairE,Empty,Wall
BASE_EMPTY,Empty,StairE,Empty,Door
BASE_EMPTY,Empty,StairE,Empty,StairN
BASE_EMPTY,Empty,StairE,Empty,StairS
BASE_EMPTY,Empty,StairE,Empty,StairE
BASE_EMPTY,Empty,StairE,Empty,StairW
BASE_EMPTY,Empty,StairE,Wall,Empty
BASE_EMPTY,Empty,StairE,Wall,Wall
BASE_EMPTY,Empty,StairE,Wall,Door
BASE_EMPTY,Empty,StairE,Wall,StairN
BASE_EMPTY,Empty,StairE,Wall,StairS
BASE_EMPTY,Empty,StairE,Wall,StairE
BASE_EMPTY,Empty,StairE,Wall,StairW
BASE_EMPTY,Empty,StairE,Door,Empty
BASE_EMPTY,Empty,StairE,Door,Wall
BASE_EMPTY,Empty,StairE,Door,Door
BASE_EMPTY,Empty,StairE,Door,StairN
BASE_EMPTY,Empty,StairE,Door,StairS
BASE_EMPTY,Empty,StairE,Door,StairE
BASE_EMPTY,Empty,StairE,Door,StairW
BASE_EMPTY,Empty,StairE,StairN,Empty
BASE_EMPTY,Empty,StairE,StairN,Wall
BASE_EMPTY,Empty,StairE,StairN,Door
BASE_EMPTY,Empty,StairE,StairN,StairN
BASE_EMPTY,Empty,StairE,StairN,StairS
BASE_EMPTY,Empty,StairE,StairN,StairE
BASE_EMPTY,Empty,StairE,StairN,StairW
BASE_EMPTY,Empty,StairE,StairS,Empty
BASE_EMPTY,Empty,StairE,StairS,Wall
BASE_EMPTY,Empty,StairE,StairS,Door
BASE_EMPTY,Empty,StairE,StairS,StairN
BASE_EMPTY,Empty,StairE,StairS,StairS
BASE_EMPTY,Empty,StairE,StairS,StairE
BASE_EMPTY,Empty,StairE,StairS,StairW
BASE_EMPTY,Empty,StairE,StairE,Empty
BASE_EMPTY,Empty,StairE,StairE,Wall
BASE_EMPTY,Empty,StairE,StairE,Door
BASE_EMPTY,Empty,StairE,StairE,StairN
BASE_EMPTY,Empty,StairE,StairE,StairS
BASE_EMPTY,Empty,StairE,StairE,StairE
BASE_EMPTY,Empty,StairE,StairE,StairW
BASE_EMPTY,Empty,StairE,StairW,Empty
BASE_EMPTY,Empty,StairE,StairW,Wall
BASE_EMPTY,Empty,StairE,StairW,Door
BASE_EMPTY,Empty,StairE,StairW,StairN
BASE_EMPTY,Empty,StairE,StairW,StairS
BASE_EMPTY,Empty,StairE,StairW,StairE
BASE_EMPTY,Empty,StairE,StairW,StairW
BASE_EMPTY,Empty,StairW,Empty,Empty
BASE_EMPTY,Empty,StairW,Empty,Wall
BASE_EMPTY,Empty,StairW,Empty,Door
BASE_EMPTY,Empty,StairW,Empty,StairN
BASE_EMPTY,Empty,StairW,Empty,StairS
BASE_EMPTY,Empty,StairW,Empty,StairE
BASE_EMPTY,Empty,StairW,Empty,StairW
BASE_EMPTY,Empty,StairW,Wall,Empty
BASE_EMPTY,Empty,StairW,Wall,Wall
BASE_EMPTY,Empty,StairW,Wall,Door
BASE_EMPTY,Empty,StairW,Wall,StairN
BASE_EMPTY,Empty,StairW,Wall,StairS
BASE_EMPTY,Empty,StairW,Wall,StairE
BASE_EMPTY,Empty,StairW,Wall,StairW
BASE_EMPTY,Empty,StairW,Door,Empty
BASE_EMPTY,Empty,StairW,Door,Wall
BASE_EMPTY,Empty,StairW,Door,Door
BASE_EMPTY,Empty,StairW,Door,StairN
BASE_EMPTY,Empty,StairW,Door,StairS
BASE_EMPTY,Empty,StairW,Door,StairE
BASE_EMPTY,Empty,StairW,Door,StairW
BASE_EMPTY,Empty,StairW,StairN,Empty
BASE_EMPTY,Empty,StairW,StairN,Wall
BASE_EMPTY,Empty,StairW,StairN,Door
BASE_EMPTY,Empty,StairW,StairN,StairN
BASE_EMPTY,Empty,StairW,StairN,StairS
BASE_EMPTY,Empty,StairW,StairN,StairE
BASE_EMPTY,Empty,StairW,StairN,StairW
BASE_EMPTY,Empty,StairW,StairS,Empty
BASE_EMPTY,Empty,StairW,StairS,Wall
BASE_EMPTY,Empty,StairW,StairS,Door
BASE_EMPTY,Empty,StairW,StairS,StairN
BASE_EMPTY,Empty,StairW,StairS,StairS
BASE_EMPTY,Empty,StairW,StairS,StairE
BASE_EMPTY,Empty,StairW,StairS,StairW
BASE_EMPTY,Empty,StairW,StairE,Empty
BASE_EMPTY,Empty,StairW,StairE,Wall
BASE_EMPTY,Empty,StairW,StairE,Door
BASE_EMPTY,Empty,StairW,StairE,StairN
BASE_EMPTY,Empty,StairW,StairE,StairS
BASE_EMPTY,Empty,StairW,StairE,StairE
BASE_EMPTY,Empty,StairW,StairE,StairW
BASE_EMPTY,Empty,StairW,StairW,Empty
BASE_EMPTY,Empty,StairW,StairW,Wall
BASE_EMPTY,Empty,StairW,StairW,Door
BASE_EMPTY,Empty,StairW,StairW,StairN
BASE_EMPTY,Empty,StairW,StairW,StairS
BASE_EMPTY,Empty,StairW,StairW,StairE
BASE_EMPTY,Empty,StairW,StairW,StairW
BASE_WALLCORNER,Wall,Empty,Empty,Empty
BASE_WALLVERTICAL,Wall,Empty,Empty,Wall
BASE_WALLCORNER_SOUTHDOOR,Wall,Empty,Empty,Door
BASE_WALLVERTICAL,Wall,Empty,Empty,StairN
BASE_WALLCORNER,Wall,Empty,Empty,StairS
BASE_WALLCORNER,Wall,Empty,Empty,StairE
BASE_WALLCORNER,Wall,Empty,Empty,StairW
BASE_WALLCORNER,Wall,Empty,Wall,Empty
BASE_WALLVERTICAL,Wall,Empty,Wall,Wall
BASE_WALLCORNER,Wall,Empty,Wall,Door
BASE_WALLVERTICAL,Wall,Empty,Wall,StairN
BASE_WALLCORNER,Wall,Empty,Wall,StairS
BASE_WALLCORNER,Wall,Empty,Wall,StairE
BASE_WALLCORNER,Wall,Empty,Wall,StairW
BASE_WALLCORNER,Wall,Empty,Door,Empty
BASE_WALLVERTICAL,Wall,Empty,Door,Wall
BASE_WALLCORNER_SOUTHDOOR,Wall,Empty,Door,Door
BASE_WALLVERTICAL,Wall,Empty,Door,StairN
BASE_WALLCORNER,Wall,Empty,Door,StairS
BASE_WALLCORNER,Wall,Empty,Door,StairE
BASE_WALLCORNER,Wall,Empty,Door,StairW
BASE_WALLCORNER,Wall,Empty,StairN,Empty
BASE_WALLVERTICAL,Wall,Empty,StairN,Wall
BASE_WALLCORNER_SOUTHDOOR,Wall,Empty,StairN,Door
BASE_WALLVERTICAL,Wall,Empty,StairN,StairN
BASE_WALLCORNER,Wall,Empty,StairN,StairS
BASE_WALLCORNER,Wall,Empty,StairN,StairE
BASE_WALLCORNER,Wall,Empty,StairN,StairW
BASE_WALLCORNER,Wall,Empty,StairS,Empty
BASE_WALLVERTICAL,Wall,Empty,StairS,Wall
BASE_WALLCORNER_SOUTHDOOR,Wall,Empty,StairS,Door
BASE_WALLVERTICAL,Wall,Empty,StairS,StairN
BASE_WALLCORNER,Wall,Empty,StairS,StairS
BASE_WALLCORNER,Wall,Empty,StairS,StairE
BASE_WALLCORNER,Wall,Empty,StairS,StairW
BASE_WALLCORNER,Wall,Empty,StairE,Empty
BASE_WALLVERTICAL,Wall,Empty,StairE,Wall
BASE_WALLCORNER_SOUTHDOOR,Wall,Empty,StairE,Door
BASE_WALLVERTICAL,Wall,Empty,StairE,StairN
BASE_WALLCORNER,Wall,Empty,StairE,StairS
BASE_WALLCORNER,Wall,Empty,StairE,StairE
BASE_WALLCORNER,Wall,Empty,StairE,StairW
BASE_WALLCORNER,Wall,Empty,StairW,Empty
BASE_WALLVERTICAL,Wall,Empty,StairW,Wall
BASE_WALLCORNER_SOUTHDOOR,Wall,Empty,StairW,Door
BASE_WALLVERTICAL,Wall,Empty,StairW,StairN
BASE_WALLCORNER,Wall,Empty,StairW,StairS
BASE_WALLCORNER,Wall,Empty,StairW,StairE
BASE_WALLCORNER,Wall,Empty,StairW,StairW
BASE_WALLHORIZONTAL,Wall,Wall,Empty,Empty
BASE_WALLINVERSECORNER,Wall,Wall,Empty,Wall
BASE_WALLHORIZONTAL_SOUTHDOOR,Wall,Wall,Empty,Door
BASE_WALLINVERSECORNER,Wall,Wall,Empty,StairN
BASE_WALLHORIZONTAL,Wall,Wall,Empty,StairS
BASE_WALLHORIZONTAL,Wall,Wall,Empty,StairE
BASE_WALLHORIZONTAL,Wall,Wall,Empty,StairW
BASE_WALLHORIZONTAL,Wall,Wall,Wall,Empty
BASE_WALLFULL,Wall,Wall,Wall,Wall
BASE_WALLHORIZONTAL,Wall,Wall,Wall,Door
BASE_WALLFULL,Wall,Wall,Wall,StairN
BASE_WALLHORIZONTAL,Wall,Wall,Wall,StairS
BASE_WALLHORIZONTAL,Wall,Wall,Wall,StairE
BASE_WALLHORIZONTAL,Wall,Wall,Wall,StairW
BASE_WALLHORIZONTAL,Wall,Wall,Door,Empty
BASE_WALLINVERSECORNER,Wall,Wall,Door,Wall
BASE_WALLHORIZONTAL_SOUTHDOOR,Wall,Wall,Door,Door
BASE_WALLINVERSECORNER,Wall,Wall,Door,StairN
BASE_WALLHORIZONTAL,Wall,Wall,Door,StairS
BASE_WALLHORIZONTAL,Wall,Wall,Door,StairE
BASE_WALLHORIZONTAL,Wall,Wall,Door,StairW
BASE_WALLHORIZONTAL,Wall,Wall,StairN,Empty
BASE_WALLINVERSECORNER,Wall,Wall,StairN,Wall
BASE_WALLHORIZONTAL_SOUTHDOOR,Wall,Wall,StairN,Door
BASE_WALLINVERSECORNER,Wall,Wall,StairN,StairN
BASE_WALLHORIZONTAL,Wall,Wall,StairN,StairS
BASE_WALLHORIZONTAL,Wall,Wall,StairN,StairE
BASE_WALLHORIZONTAL,Wall,Wall,StairN,StairW
BASE_WALLHORIZONTAL,Wall,Wall,StairS,Empty
BASE_WALLINVERSECORNER,Wall,Wall,StairS,Wall
BASE_WALLHORIZONTAL_SOUTHDOOR,Wall,Wall,StairS,Door
BASE_WALLINVERSECORNER,Wall,Wall,StairS,StairN
BASE_WALLHORIZONTAL,Wall,Wall,StairS,StairS
BASE_WALLHORIZONTAL,Wall,Wall,StairS,StairE
BASE_WALLHORIZONTAL,Wall,Wall,StairS,StairW
BASE_WALLHORIZONTAL,Wall,Wall,StairE,Empty
BASE_WALLINVERSECORNER,Wall,Wall,StairE,Wall
BASE_WALLHORIZONTAL_SOUTHDOOR,Wall,Wall,StairE,Door
BASE_WALLINVERSECORNER,Wall,Wall,StairE,StairN
BASE_WALLHORIZONTAL,Wall,Wall,StairE,StairS
BASE_WALLHORIZONTAL,Wall,Wall,StairE,StairE
BASE_WALLHORIZONTAL,Wall,Wall,StairE,StairW
BASE_WALLHORIZONTAL,Wall,Wall,StairW,Empty
BASE_WALLINVERSECORNER,Wall,Wall,StairW,Wall
BASE_WALLHORIZONTAL_SOUTHDOOR,Wall,Wall,StairW,Door
BASE_WALLINVERSECORNER,Wall,Wall,StairW,StairN
BASE_WALLHORIZONTAL,Wall,Wall,StairW,StairS
BASE_WALLHORIZONTAL,Wall,Wall,StairW,StairE
BASE_WALLHORIZONTAL,Wall,Wall,StairW,StairW
BASE_WALLCORNER_EASTDOOR,Wall,Door,Empty,Empty
BASE_WALLVERTICAL_EASTDOOR,Wall,Door,Empty,Wall
BASE_WALLCORNER_EASTDOOR_SOUTHDOOR,Wall,Door,Empty,Door
BASE_WALLVERTICAL_EASTDOOR,Wall,Door,Empty,StairN
BASE_WALLCORNER_EASTDOOR,Wall,Door,Empty,StairS
BASE_WALLCORNER_EASTDOOR,Wall,Door,Empty,StairE
BASE_WALLCORNER_EASTDOOR,Wall,Door,Empty,StairW
BASE_WALLCORNER_EASTDOOR,Wall,Door,Wall,Empty
BASE_WALLVERTICAL_EASTDOOR,Wall,Door,Wall,Wall
BASE_WALLCORNER_EASTDOOR,Wall,Door,Wall,Door
BASE_WALLVERTICAL_EASTDOOR,Wall,Door,Wall,StairN
BASE_WALLCORNER_EASTDOOR,Wall,Door,Wall,StairS
BASE_WALLCORNER_EASTDOOR,Wall,Door,Wall,StairE
BASE_WALLCORNER_EASTDOOR,Wall,Door,Wall,StairW
BASE_WALLCORNER_EASTDOOR,Wall,Door,Door,Empty
BASE_WALLVERTICAL_EASTDOOR,Wall,Door,Door,Wall
BASE_WALLCORNER_EASTDOOR_SOUTHDOOR,Wall,Door,Door,Door
BASE_WALLVERTICAL_EASTDOOR,Wall,Door,Door,StairN
BASE_WALLCORNER_EASTDOOR,Wall,Door,Door,StairS
BASE_WALLCORNER_EASTDOOR,Wall,Door,Door,StairE
BASE_WALLCORNER_EASTDOOR,Wall,Door,Door,StairW
BASE_WALLCORNER_EASTDOOR,Wall,Door,StairN,Empty
BASE_WALLVERTICAL_EASTDOOR,Wall,Door,StairN,Wall
BASE_WALLCORNER_EASTDOOR_SOUTHDOOR,Wall,Door,StairN,Door
BASE_WALLVERTICAL_EASTDOOR,Wall,Door,StairN,StairN
BASE_WALLCORNER_EASTDOOR,Wall,Door,StairN,StairS
BASE_WALLCORNER_EASTDOOR,Wall,Door,StairN,StairE
BASE_WALLCORNER_EASTDOOR,Wall,Door,StairN,StairW
BASE_WALLCORNER_EASTDOOR,Wall,Door,StairS,Empty
BASE_WALLVERTICAL_EASTDOOR,Wall,Door,StairS,Wall
BASE_WALLCORNER_EASTDOOR_SOUTHDOOR,Wall,Door,StairS,Door
BASE_WALLVERTICAL_EASTDOOR,Wall,Door,StairS,StairN
BASE_WALLCORNER_EASTDOOR,Wall,Door,StairS,StairS
BASE_WALLCORNER_EASTDOOR,Wall,Door,StairS,StairE
BASE_WALLCORNER_EASTDOOR,Wall,Door,StairS,StairW
BASE_WALLCORNER_EASTDOOR,Wall,Door,StairE,Empty
BASE_WALLVERTICAL_EASTDOOR,Wall,Door,StairE,Wall
BASE_WALLCORNER_EASTDOOR_SOUTHDOOR,Wall,Door,StairE,Door
BASE_WALLVERTICAL_EASTDOOR,Wall,Door,StairE,StairN
BASE_WALLCORNER_EASTDOOR,Wall,Door,StairE,StairS
BASE_WALLCORNER_EASTDOOR,Wall,Door,StairE,StairE
BASE_WALLCORNER_EASTDOOR,Wall,Door,StairE,StairW
BASE_WALLCORNER_EASTDOOR,Wall,Door,StairW,Empty
BASE_WALLVERTICAL_EASTDOOR,Wall,Door,StairW,Wall
BASE_WALLCORNER_EASTDOOR_SOUTHDOOR,Wall,Door,StairW,Door
BASE_WALLVERTICAL_EASTDOOR,Wall,Door,StairW,StairN
BASE_WALLCORNER_EASTDOOR,Wall,Door,StairW,StairS
BASE_WALLCORNER_EASTDOOR,Wall,Door,StairW,StairE
BASE_WALLCORNER_EASTDOOR,Wall,Door,StairW,StairW
BASE_WALLCORNER_EASTSTAIRN,Wall,StairN,Empty,Empty
BASE_WALLVERTICAL_EASTSTAIRN,Wall,StairN,Empty,Wall
BASE_WALLCORNER_EASTSTAIRN_SOUTHDOOR,Wall,StairN,Empty,Door
BASE_WALLVERTICAL_EASTSTAIRN,Wall,StairN,Empty,StairN
BASE_WALLCORNER_EASTSTAIRN,Wall,StairN,Empty,StairS
BASE_WALLCORNER_EASTSTAIRN,Wall,StairN,Empty,StairE
BASE_WALLCORNER_EASTSTAIRN,Wall,StairN,Empty,StairW
BASE_WALLCORNER_EASTSTAIRN,Wall,StairN,Wall,Empty
BASE_WALLVERTICAL_EASTSTAIRN,Wall,StairN,Wall,Wall
BASE_WALLCORNER_EASTSTAIRN,Wall,StairN,Wall,Door
BASE_WALLVERTICAL_EASTSTAIRN,Wall,StairN,Wall,StairN
BASE_WALLCORNER_EASTSTAIRN,Wall,StairN,Wall,StairS
BASE_WALLCORNER_EASTSTAIRN,Wall,StairN,Wall,StairE
BASE_WALLCORNER_EASTSTAIRN,Wall,StairN,Wall,StairW
BASE_WALLCORNER_EASTSTAIRN,Wall,StairN,Door,Empty
BASE_WALLVERTICAL_EASTSTAIRN,Wall,StairN,Door,Wall
BASE_WALLCORNER_EASTSTAIRN_SOUTHDOOR,Wall,StairN,Door,Door
BASE_WALLVERTICAL_EASTSTAIRN,Wall,StairN,Door,StairN
BASE_WALLCORNER_EASTSTAIRN,Wall,StairN,Door,StairS
BASE_WALLCORNER_EASTSTAIRN,Wall,StairN,Door,StairE
BASE_WALLCORNER_EASTSTAIRN,Wall,StairN,Door,StairW
BASE_WALLCORNER_EASTSTAIRN,Wall,StairN,StairN,Empty
BASE_WALLVERTICAL_EASTSTAIRN,Wall,StairN,StairN,Wall
BASE_WALLCORNER_EASTSTAIRN_SOUTHDOOR,Wall,StairN,StairN,Door
BASE_WALLVERTICAL_EASTSTAIRN,Wall,StairN,StairN,StairN
BASE_WALLCORNER_EASTSTAIRN,Wall,StairN,StairN,StairS
BASE_WALLCORNER_EASTSTAIRN,Wall,StairN,StairN,StairE
BASE_WALLCORNER_EASTSTAIRN,Wall,StairN,StairN,StairW
BASE_WALLCORNER_EASTSTAIRN,Wall,StairN,StairS,Empty
BASE_WALLVERTICAL_EASTSTAIRN,Wall,StairN,StairS,Wall
BASE_WALLCORNER_EASTSTAIRN_SOUTHDOOR,Wall,StairN,StairS,Door
BASE_WALLVERTICAL_EASTSTAIRN,Wall,StairN,StairS,StairN
BASE_WALLCORNER_EASTSTAIRN,Wall,StairN,StairS,StairS
BASE_WALLCORNER_EASTSTAIRN,Wall,StairN,StairS,StairE
BASE_WALLCORNER_EASTSTAIRN,Wall,StairN,StairS,StairW
BASE_WALLCORNER_EASTSTAIRN,Wall,StairN,StairE,Empty
BASE_WALLVERTICAL_EASTSTAIRN,Wall,StairN,StairE,Wall
BASE_WALLCORNER_EASTSTAIRN_SOUTHDOOR,Wall,StairN,StairE,Door
BASE_WALLVERTICAL_EASTSTAIRN,Wall,StairN,StairE,StairN
BASE_WALLCORNER_EASTSTAIRN,Wall,StairN,StairE,StairS
BASE_WALLCORNER_EASTSTAIRN,Wall,StairN,StairE,StairE
BASE_WALLCORNER_EASTSTAIRN,Wall,StairN,StairE,StairW
BASE_WALLCORNER_EASTSTAIRN,Wall,StairN,StairW,Empty
BASE_WALLVERTICAL_EASTSTAIRN,Wall,StairN,StairW,Wall
BASE_WALLCORNER_EASTSTAIRN_SOUTHDOOR,Wall,StairN,StairW,Door
BASE_WALLVERTICAL_EASTSTAIRN,Wall,StairN,StairW,StairN
BASE_WALLCORNER_EASTSTAIRN,Wall,StairN,StairW,StairS
BASE_WALLCORNER_EASTSTAIRN,Wall,StairN,StairW,StairE
BASE_WALLCORNER_EASTSTAIRN,Wall,StairN,StairW,StairW
BASE_WALLCORNER_EASTSTAIRS,Wall,StairS,Empty,Empty
BASE_WALLVERTICAL_EASTSTAIRS,Wall,StairS,Empty,Wall
BASE_WALLCORNER_EASTSTAIRS_SOUTHDOOR,Wall,StairS,Empty,Door
BASE_WALLVERTICAL_EASTSTAIRS,Wall,StairS,Empty,StairN
BASE_WALLCORNER_EASTSTAIRS,Wall,StairS,Empty,StairS
BASE_WALLCORNER_EASTSTAIRS,Wall,StairS,Empty,StairE
BASE_WALLCORNER_EASTSTAIRS,Wall,StairS,Empty,StairW
BASE_WALLCORNER_EASTSTAIRS,Wall,StairS,Wall,Empty
BASE_WALLVERTICAL_EASTSTAIRS,Wall,StairS,Wall,Wall
BASE_WALLCORNER_EASTSTAIRS,Wall,StairS,Wall,Door
BASE_WALLVERTICAL_EASTSTAIRS,Wall,StairS,Wall,StairN
BASE_WALLCORNER_EASTSTAIRS,Wall,StairS,Wall,StairS
BASE_WALLCORNER_EASTSTAIRS,Wall,StairS,Wall,StairE
BASE_WALLCORNER_EASTSTAIRS,Wall,StairS,Wall,StairW
BASE_WALLCORNER_EASTSTAIRS,Wall,StairS,Door,Empty
BASE_WALLVERTICAL_EASTSTAIRS,Wall,StairS,Door,Wall
BASE_WALLCORNER_EASTSTAIRS_SOUTHDOOR,Wall,StairS,Door,Door
BASE_WALLVERTICAL_EASTSTAIRS,Wall,StairS,Door,StairN
BASE_WALLCORNER_EASTSTAIRS,Wall,StairS,Door,StairS
BASE_WALLCORNER_EASTSTAIRS,Wall,StairS,Door,StairE
BASE_WALLCORNER_EASTSTAIRS,Wall,StairS,Door,StairW
BASE_WALLCORNER_EASTSTAIRS,Wall,StairS,StairN,Empty
BASE_WALLVERTICAL_EASTSTAIRS,Wall,StairS,StairN,Wall
BASE_WALLCORNER_EASTSTAIRS_SOUTHDOOR,Wall,StairS,StairN,Door
BASE_WALLVERTICAL_EASTSTAIRS,Wall,StairS,StairN,StairN
BASE_WALLCORNER_EASTSTAIRS,Wall,StairS,StairN,StairS
BASE_WALLCORNER_EASTSTAIRS,Wall,StairS,StairN,StairE
BASE_WALLCORNER_EASTSTAIRS,Wall,StairS,StairN,StairW
BASE_WALLCORNER_EASTSTAIRS,Wall,StairS,StairS,Empty
BASE_WALLVERTICAL_EASTSTAIRS,Wall,StairS,StairS,Wall
BASE_WALLCORNER_EASTSTAIRS_SOUTHDOOR,Wall,StairS,StairS,Door
BASE_WALLVERTICAL_EASTSTAIRS,Wall,StairS,StairS,StairN
BASE_WALLCORNER_EASTSTAIRS,Wall,StairS,StairS,StairS
BASE_WALLCORNER_EASTSTAIRS,Wall,StairS,StairS,StairE
BASE_WALLCORNER_EASTSTAIRS,Wall,StairS,StairS,StairW
BASE_WALLCORNER_EASTSTAIRS,Wall,StairS,StairE,Empty
BASE_WALLVERTICAL_EASTSTAIRS,Wall,StairS,StairE,Wall
BASE_WALLCORNER_EASTSTAIRS_SOUTHDOOR,Wall,StairS,StairE,Door
BASE_WALLVERTICAL_EASTSTAIRS,Wall,StairS,StairE,StairN
BASE_WALLCORNER_EASTSTAIRS,Wall,StairS,StairE,StairS
BASE_WALLCORNER_EASTSTAIRS,Wall,StairS,StairE,StairE
BASE_WALLCORNER_EASTSTAIRS,Wall,StairS,StairE,StairW
BASE_WALLCORNER_EASTSTAIRS,Wall,StairS,StairW,Empty
BASE_WALLVERTICAL_EASTSTAIRS,Wall,StairS,StairW,Wall
BASE_WALLCORNER_EASTSTAIRS_SOUTHDOOR,Wall,StairS,StairW,Door
BASE_WALLVERTICAL_EASTSTAIRS,Wall,StairS,StairW,StairN
BASE_WALLCORNER_EASTSTAIRS,Wall,StairS,StairW,StairS
BASE_WALLCORNER_EASTSTAIRS,Wall,StairS,StairW,StairE
BASE_WALLCORNER_EASTSTAIRS,Wall,StairS,StairW,StairW
BASE_WALLCORNER,Wall,StairE,Empty,Empty
BASE_WALLVERTICAL,Wall,StairE,Empty,Wall
BASE_WALLCORNER_SOUTHDOOR,Wall,StairE,Empty,Door
BASE_WALLVERTICAL,Wall,StairE,Empty,StairN
BASE_WALLCORNER,Wall,StairE,Empty,StairS
BASE_WALLCORNER,Wall,StairE,Empty,StairE
BASE_WALLCORNER,Wall,StairE,Empty,StairW
BASE_WALLCORNER,Wall,StairE,Wall,Empty
BASE_WALLVERTICAL,Wall,StairE,Wall,Wall
BASE_WALLCORNER,Wall,StairE,Wall,Door
BASE_WALLVERTICAL,Wall,StairE,Wall,StairN
BASE_WALLCORNER,Wall,StairE,Wall,StairS
BASE_WALLCORNER,Wall,StairE,Wall,StairE
BASE_WALLCORNER,Wall,StairE,Wall,StairW
BASE_WALLCORNER,Wall,StairE,Door,Empty
BASE_WALLVERTICAL,Wall,StairE,Door,Wall
BASE_WALLCORNER_SOUTHDOOR,Wall,StairE,Door,Door
BASE_WALLVERTICAL,Wall,StairE,Door,StairN
BASE_WALLCORNER,Wall,StairE,Door,StairS
BASE_WALLCORNER,Wall,StairE,Door,StairE
BASE_WALLCORNER,Wall,StairE,Door,StairW
BASE_WALLCORNER,Wall,StairE,StairN,Empty
BASE_WALLVERTICAL,Wall,StairE,StairN,Wall
BASE_WALLCORNER_SOUTHDOOR,Wall,StairE,StairN,Door
BASE_WALLVERTICAL,Wall,StairE,StairN,StairN
BASE_WALLCORNER,Wall,StairE,StairN,StairS
BASE_WALLCORNER,Wall,StairE,StairN,StairE
BASE_WALLCORNER,Wall,StairE,StairN,StairW
BASE_WALLCORNER,Wall,StairE,StairS,Empty
BASE_WALLVERTICAL,Wall,StairE,StairS,Wall
BASE_WALLCORNER_SOUTHDOOR,Wall,StairE,StairS,Door
BASE_WALLVERTICAL,Wall,StairE,StairS,StairN
BASE_WALLCORNER,Wall,StairE,StairS,StairS
BASE_WALLCORNER,Wall,StairE,StairS,StairE
BASE_WALLCORNER,Wall,StairE,StairS,StairW
BASE_WALLCORNER,Wall,StairE,StairE,Empty
BASE_WALLVERTICAL,Wall,StairE,StairE,Wall
BASE_WALLCORNER_SOUTHDOOR,Wall,StairE,StairE,Door
BASE_WALLVERTICAL,Wall,StairE,StairE,StairN
BASE_WALLCORNER,Wall,StairE,StairE,StairS
BASE_WALLCORNER,Wall,StairE,StairE,StairE
BASE_WALLCORNER,Wall,StairE,StairE,StairW
BASE_WALLCORNER,Wall,StairE,StairW,Empty
BASE_WALLVERTICAL,Wall,StairE,StairW,Wall
BASE_WALLCORNER_SOUTHDOOR,Wall,StairE,StairW,Door
BASE_WALLVERTICAL,Wall,StairE,StairW,StairN
BASE_WALLCORNER,Wall,StairE,StairW,StairS
BASE_WALLCORNER,Wall,StairE,StairW,StairE
BASE_WALLCORNER,Wall,StairE,StairW,StairW
BASE_WALLHORIZONTAL,Wall,StairW,Empty,Empty
BASE_WALLINVERSECORNER,Wall,StairW,Empty,Wall
BASE_WALLHORIZONTAL_SOUTHDOOR,Wall,StairW,Empty,Door
BASE_WALLINVERSECORNER,Wall,StairW,Empty,StairN
BASE_WALLHORIZONTAL,Wall,StairW,Empty,StairS
BASE_WALLHORIZONTAL,Wall,StairW,Empty,StairE
BASE_WALLHORIZONTAL,Wall,StairW,Empty,StairW
BASE_WALLHORIZONTAL,Wall,StairW,Wall,Empty
BASE_WALLFULL,Wall,StairW,Wall,Wall
BASE_WALLHORIZONTAL,Wall,StairW,Wall,Door
BASE_WALLFULL,Wall,StairW,Wall,StairN
BASE_WALLHORIZONTAL,Wall,StairW,Wall,StairS
BASE_WALLHORIZONTAL,Wall,StairW,Wall,StairE
BASE_WALLHORIZONTAL,Wall,StairW,Wall,StairW
BASE_WALLHORIZONTAL,Wall,StairW,Door,Empty
BASE_WALLINVERSECORNER,Wall,StairW,Door,Wall
BASE_WALLHORIZONTAL_SOUTHDOOR,Wall,StairW,Door,Door
BASE_WALLINVERSECORNER,Wall,StairW,Door,StairN
BASE_WALLHORIZONTAL,Wall,StairW,Door,StairS
BASE_WALLHORIZONTAL,Wall,StairW,Door,StairE
BASE_WALLHORIZONTAL,Wall,StairW,Door,StairW
BASE_WALLHORIZONTAL,Wall,StairW,StairN,Empty
BASE_WALLINVERSECORNER,Wall,StairW,StairN,Wall
BASE_WALLHORIZONTAL_SOUTHDOOR,Wall,StairW,StairN,Door
BASE_WALLINVERSECORNER,Wall,StairW,StairN,StairN
BASE_WALLHORIZONTAL,Wall,StairW,StairN,StairS
BASE_WALLHORIZONTAL,Wall,StairW,StairN,StairE
BASE_WALLHORIZONTAL,Wall,StairW,StairN,StairW
BASE_WALLHORIZONTAL,Wall,StairW,StairS,Empty
BASE_WALLINVERSECORNER,Wall,StairW,StairS,Wall
BASE_WALLHORIZONTAL_SOUTHDOOR,Wall,StairW,StairS,Door
BASE_WALLINVERSECORNER,Wall,StairW,StairS,StairN
BASE_WALLHORIZONTAL,Wall,StairW,StairS,StairS
BASE_WALLHORIZONTAL,Wall,StairW,StairS,StairE
BASE_WALLHORIZONTAL,Wall,StairW,StairS,StairW
BASE_WALLHORIZONTAL,Wall,StairW,StairE,Empty
BASE_WALLINVERSECORNER,Wall,StairW,StairE,Wall
BASE_WALLHORIZONTAL_SOUTHDOOR,Wall,StairW,StairE,Door
BASE_WALLINVERSECORNER,Wall,StairW,StairE,StairN
BASE_WALLHORIZONTAL,Wall,StairW,StairE,StairS
BASE_WALLHORIZONTAL,Wall,StairW,StairE,StairE
BASE_WALLHORIZONTAL,Wall,StairW,StairE,StairW
BASE_WALLHORIZONTAL,Wall,StairW,StairW,Empty
BASE_WALLINVERSECORNER,Wall,StairW,StairW,Wall
BASE_WALLHORIZONTAL_SOUTHDOOR,Wall,StairW,StairW,Door
BASE_WALLINVERSECORNER,Wall,StairW,StairW,StairN
BASE_WALLHORIZONTAL,Wall,StairW,StairW,StairS
BASE_WALLHORIZONTAL,Wall,StairW,StairW,StairE
BASE_WALLHORIZONTAL,Wall,StairW,StairW,StairW
BASE_EMPTY,Door,Empty,Empty,Empty
BASE_EMPTY,Door,Empty,Empty,Wall
BASE_EMPTY,Door,Empty,Empty,Door
BASE_EMPTY,Door,Empty,Empty,StairN
BASE_EMPTY,Door,Empty,Empty,StairS
BASE_EMPTY,Door,Empty,Empty,StairE
BASE_EMPTY,Door,Empty,Empty,StairW
BASE_EMPTY,Door,Empty,Wall,Empty
BASE_EMPTY,Door,Empty,Wall,Wall
BASE_EMPTY,Door,Empty,Wall,Door
BASE_EMPTY,Door,Empty,Wall,StairN
BASE_EMPTY,Door,Empty,Wall,StairS
BASE_EMPTY,Door,Empty,Wall,StairE
BASE_EMPTY,Door,Empty,Wall,StairW
BASE_EMPTY,Door,Empty,Door,Empty
BASE_EMPTY,Door,Empty,Door,Wall
BASE_EMPTY,Door,Empty,Door,Door
BASE_EMPTY,Door,Empty,Door,StairN
BASE_EMPTY,Door,Empty,Door,StairS
BASE_EMPTY,Door,Empty,Door,StairE
BASE_EMPTY,Door,Empty,Door,StairW
BASE_EMPTY,Door,Empty,StairN,Empty
BASE_EMPTY,Door,Empty,StairN,Wall
BASE_EMPTY,Door,Empty,StairN,Door
BASE_EMPTY,Door,Empty,StairN,StairN
BASE_EMPTY,Door,Empty,StairN,StairS
BASE_EMPTY,Door,Empty,StairN,StairE
BASE_EMPTY,Door,Empty,StairN,StairW
BASE_EMPTY,Door,Empty,StairS,Empty
BASE_EMPTY,Door,Empty,StairS,Wall
BASE_EMPTY,Door,Empty,StairS,Door
BASE_EMPTY,Door,Empty,StairS,StairN
BASE_EMPTY,Door,Empty,StairS,StairS
BASE_EMPTY,Door,Empty,StairS,StairE
BASE_EMPTY,Door,Empty,StairS,StairW
BASE_EMPTY,Door,Empty,StairE,Empty
BASE_EMPTY,Door,Empty,StairE,Wall
BASE_EMPTY,Door,Empty,StairE,Door
BASE_EMPTY,Door,Empty,StairE,StairN
BASE_EMPTY,Door,Empty,StairE,StairS
BASE_EMPTY,Door,Empty,StairE,StairE
BASE_EMPTY,Door,Empty,StairE,StairW
BASE_EMPTY,Door,Empty,StairW,Empty
BASE_EMPTY,Door,Empty,StairW,Wall
BASE_EMPTY,Door,Empty,StairW,Door
BASE_EMPTY,Door,Empty,StairW,StairN
BASE_EMPTY,Door,Empty,StairW,StairS
BASE_EMPTY,Door,Empty,StairW,StairE
BASE_EMPTY,Door,Empty,StairW,StairW
BASE_EMPTY,Door,Wall,Empty,Empty
BASE_EMPTY,Door,Wall,Empty,Wall
BASE_EMPTY,Door,Wall,Empty,Door
BASE_EMPTY,Door,Wall,Empty,StairN
BASE_EMPTY,Door,Wall,Empty,StairS
BASE_EMPTY,Door,Wall,Empty,StairE
BASE_EMPTY,Door,Wall,Empty,StairW
BASE_EMPTY,Door,Wall,Wall,Empty
BASE_EMPTY,Door,Wall,Wall,Wall
BASE_EMPTY,Door,Wall,Wall,Door
BASE_EMPTY,Door,Wall,Wall,StairN
BASE_EMPTY,Door,Wall,Wall,StairS
BASE_EMPTY,Door,Wall,Wall,StairE
BASE_EMPTY,Door,Wall,Wall,StairW
BASE_EMPTY,Door,Wall,Door,Empty
BASE_EMPTY,Door,Wall,Door,Wall
BASE_EMPTY,Door,Wall,Door,Door
BASE_EMPTY,Door,Wall,Door,StairN
BASE_EMPTY,Door,Wall,Door,StairS
BASE_EMPTY,Door,Wall,Door,StairE
BASE_EMPTY,Door,Wall,Door,StairW
BASE_EMPTY,Door,Wall,StairN,Empty
BASE_EMPTY,Door,Wall,StairN,Wall
BASE_EMPTY,Door,Wall,StairN,Door
BASE_EMPTY,Door,Wall,StairN,StairN
BASE_EMPTY,Door,Wall,StairN,StairS
BASE_EMPTY,Door,Wall,StairN,StairE
BASE_EMPTY,Door,Wall,StairN,StairW
BASE_EMPTY,Door,Wall,StairS,Empty
BASE_EMPTY,Door,Wall,StairS,Wall
BASE_EMPTY,Door,Wall,StairS,Door
BASE_EMPTY,Door,Wall,StairS,StairN
BASE_EMPTY,Door,Wall,StairS,StairS
BASE_EMPTY,Door,Wall,StairS,StairE
BASE_EMPTY,Door,Wall,StairS,StairW
BASE_EMPTY,Door,Wall,StairE,Empty
BASE_EMPTY,Door,Wall,StairE,Wall
BASE_EMPTY,Door,Wall,StairE,Door
BASE_EMPTY,Door,Wall,StairE,StairN
BASE_EMPTY,Door,Wall,StairE,StairS
BASE_EMPTY,Door,Wall,StairE,StairE
BASE_EMPTY,Door,Wall,StairE,StairW
BASE_EMPTY,Door,Wall,StairW,Empty
BASE_EMPTY,Door,Wall,StairW,Wall
BASE_EMPTY,Door,Wall,StairW,Door
BASE_EMPTY,Door,Wall,StairW,StairN
BASE_EMPTY,Door,Wall,StairW,StairS
BASE_EMPTY,Door,Wall,StairW,StairE
BASE_EMPTY,Door,Wall,StairW,StairW
BASE_EMPTY,Door,Door,Empty,Empty
BASE_EMPTY,Door,Door,Empty,Wall
BASE_EMPTY,Door,Door,Empty,Door
BASE_EMPTY,Door,Door,Empty,StairN
BASE_EMPTY,Door,Door,Empty,StairS
BASE_EMPTY,Door,Door,Empty,StairE
BASE_EMPTY,Door,Door,Empty,StairW
BASE_EMPTY,Door,Door,Wall,Empty
BASE_EMPTY,Door,Door,Wall,Wall
BASE_EMPTY,Door,Door,Wall,Door
BASE_EMPTY,Door,Door,Wall,StairN
BASE_EMPTY,Door,Door,Wall,StairS
BASE_EMPTY,Door,Door,Wall,StairE
BASE_EMPTY,Door,Door,Wall,StairW
BASE_EMPTY,Door,Door,Door,Empty
BASE_EMPTY,Door,Door,Door,Wall
BASE_EMPTY,Door,Door,Door,Door
BASE_EMPTY,Door,Door,Door,StairN
BASE_EMPTY,Door,Door,Door,StairS
BASE_EMPTY,Door,Door,Door,StairE
BASE_EMPTY,Door,Door,Door,StairW
BASE_EMPTY,Door,Door,StairN,Empty
BASE_EMPTY,Door,Door,StairN,Wall
BASE_EMPTY,Door,Door,StairN,Door
BASE_EMPTY,Door,Door,StairN,StairN
BASE_EMPTY,Door,Door,StairN,StairS
BASE_EMPTY,Door,Door,StairN,StairE
BASE_EMPTY,Door,Door,StairN,StairW
BASE_EMPTY,Door,Door,StairS,Empty
BASE_EMPTY,Door,Door,StairS,Wall
BASE_EMPTY,Door,Door,StairS,Door
BASE_EMPTY,Door,Door,StairS,StairN
BASE_EMPTY,Door,Door,StairS,StairS
BASE_EMPTY,Door,Door,StairS,StairE
BASE_EMPTY,Door,Door,StairS,StairW
BASE_EMPTY,Door,Door,StairE,Empty
BASE_EMPTY,Door,Door,StairE,Wall
BASE_EMPTY,Door,Door,StairE,Door
BASE_EMPTY,Door,Door,StairE,StairN
BASE_EMPTY,Door,Door,StairE,StairS
BASE_EMPTY,Door,Door,StairE,StairE
BASE_EMPTY,Door,Door,StairE,StairW
BASE_EMPTY,Door,Door,StairW,Empty
BASE_EMPTY,Door,Door,StairW,Wall
BASE_EMPTY,Door,Door,StairW,Door
BASE_EMPTY,Door,Door,StairW,StairN
BASE_EMPTY,Door,Door,StairW,StairS
BASE_EMPTY,Door,Door,StairW,StairE
BASE_EMPTY,Door,Door,StairW,StairW
BASE_EMPTY,Door,StairN,Empty,Empty
BASE_EMPTY,Door,StairN,Empty,Wall
BASE_EMPTY,Door,StairN,Empty,Door
BASE_EMPTY,Door,StairN,Empty,StairN
BASE_EMPTY,Door,StairN,Empty,StairS
BASE_EMPTY,Door,StairN,Empty,StairE
BASE_EMPTY,Door,StairN,Empty,StairW
BASE_EMPTY,Door,StairN,Wall,Empty
BASE_EMPTY,Door,StairN,Wall,Wall
BASE_EMPTY,Door,StairN,Wall,Door
BASE_EMPTY,Door,StairN,Wall,StairN
BASE_EMPTY,Door,StairN,Wall,StairS
BASE_EMPTY,Door,StairN,Wall,StairE
BASE_EMPTY,Door,StairN,Wall,StairW
BASE_EMPTY,Door,StairN,Door,Empty
BASE_EMPTY,Door,StairN,Door,Wall
BASE_EMPTY,Door,StairN,Door,Door
BASE_EMPTY,Door,StairN,Door,StairN
BASE_EMPTY,Door,StairN,Door,StairS
BASE_EMPTY,Door,StairN,Door,StairE
BASE_EMPTY,Door,StairN,Door,StairW
BASE_EMPTY,Door,StairN,StairN,Empty
BASE_EMPTY,Door,StairN,StairN,Wall
BASE_EMPTY,Door,StairN,StairN,Door
BASE_EMPTY,Door,StairN,StairN,StairN
BASE_EMPTY,Door,StairN,StairN,StairS
BASE_EMPTY,Door,StairN,StairN,StairE
BASE_EMPTY,Door,StairN,StairN,StairW
BASE_EMPTY,Door,StairN,StairS,Empty
BASE_EMPTY,Door,StairN,StairS,Wall
BASE_EMPTY,Door,StairN,StairS,Door
BASE_EMPTY,Door,StairN,StairS,StairN
BASE_EMPTY,Door,StairN,StairS,StairS
BASE_EMPTY,Door,StairN,StairS,StairE
BASE_EMPTY,Door,StairN,StairS,StairW
BASE_EMPTY,Door,StairN,StairE,Empty
BASE_EMPTY,Door,StairN,StairE,Wall
BASE_EMPTY,Door,StairN,StairE,Door
BASE_EMPTY,Door,StairN,StairE,StairN
BASE_EMPTY,Door,StairN,StairE,StairS
BASE_EMPTY,Door,StairN,StairE,StairE
BASE_EMPTY,Door,StairN,StairE,StairW
BASE_EMPTY,Door,StairN,StairW,Empty
BASE_EMPTY,Door,StairN,StairW,Wall
BASE_EMPTY,Door,StairN,StairW,Door
BASE_EMPTY,Door,StairN,StairW,StairN
BASE_EMPTY,Door,StairN,StairW,StairS
BASE_EMPTY,Door,StairN,StairW,StairE
BASE_EMPTY,Door,StairN,StairW,StairW
BASE_EMPTY,Door,StairS,Empty,Empty
BASE_EMPTY,Door,StairS,Empty,Wall
BASE_EMPTY,Door,StairS,Empty,Door
BASE_EMPTY,Door,StairS,Empty,StairN
BASE_EMPTY,Door,StairS,Empty,StairS
BASE_EMPTY,Door,StairS,Empty,StairE
BASE_EMPTY,Door,StairS,Empty,StairW
BASE_EMPTY,Door,StairS,Wall,Empty
BASE_EMPTY,Door,StairS,Wall,Wall
BASE_EMPTY,Door,StairS,Wall,Door
BASE_EMPTY,Door,StairS,Wall,StairN
BASE_EMPTY,Door,StairS,Wall,StairS
BASE_EMPTY,Door,StairS,Wall,StairE
BASE_EMPTY,Door,StairS,Wall,StairW
BASE_EMPTY,Door,StairS,Door,Empty
BASE_EMPTY,Door,StairS,Door,Wall
BASE_EMPTY,Door,StairS,Door,Door
BASE_EMPTY,Door,StairS,Door,StairN
BASE_EMPTY,Door,StairS,Door,StairS
BASE_EMPTY,Door,StairS,Door,StairE
BASE_EMPTY,Door,StairS,Door,StairW
BASE_EMPTY,Door,StairS,StairN,Empty
BASE_EMPTY,Door,StairS,StairN,Wall
BASE_EMPTY,Door,StairS,StairN,Door
BASE_EMPTY,Door,StairS,StairN,StairN
BASE_EMPTY,Door,StairS,StairN,StairS
BASE_EMPTY,Door,StairS,StairN,StairE
BASE_EMPTY,Door,StairS,StairN,StairW
BASE_EMPTY,Door,StairS,StairS,Empty
BASE_EMPTY,Door,StairS,StairS,Wall
BASE_EMPTY,Door,StairS,StairS,Door
BASE_EMPTY,Door,StairS,StairS,StairN
BASE_EMPTY,Door,StairS,StairS,StairS
BASE_EMPTY,Door,StairS,StairS,StairE
BASE_EMPTY,Door,StairS,StairS,StairW
BASE_EMPTY,Door,StairS,StairE,Empty
BASE_EMPTY,Door,StairS,StairE,Wall
BASE_EMPTY,Door,StairS,StairE,Door
BASE_EMPTY,Door,StairS,StairE,StairN
BASE_EMPTY,Door,StairS,StairE,StairS
BASE_EMPTY,Door,StairS,StairE,StairE
BASE_EMPTY,Door,StairS,StairE,StairW
BASE_EMPTY,Door,StairS,StairW,Empty
BASE_EMPTY,Door,StairS,StairW,Wall
BASE_EMPTY,Door,StairS,StairW,Door
BASE_EMPTY,Door,StairS,StairW,StairN
BASE_EMPTY,Door,StairS,StairW,StairS
BASE_EMPTY,Door,StairS,StairW,StairE
BASE_EMPTY,Door,StairS,StairW,StairW
BASE_EMPTY,Door,StairE,Empty,Empty
BASE_EMPTY,Door,StairE,Empty,Wall
BASE_EMPTY,Door,StairE,Empty,Door
BASE_EMPTY,Door,StairE,Empty,StairN
BASE_EMPTY,Door,StairE,Empty,StairS
BASE_EMPTY,Door,StairE,Empty,StairE
BASE_EMPTY,Door,StairE,Empty,StairW
BASE_EMPTY,Door,StairE,Wall,Empty
BASE_EMPTY,Door,StairE,Wall,Wall
BASE_EMPTY,Door,StairE,Wall,Door
BASE_EMPTY,Door,StairE,Wall,StairN
BASE_EMPTY,Door,StairE,Wall,StairS
BASE_EMPTY,Door,StairE,Wall,StairE
BASE_EMPTY,Door,StairE,Wall,StairW
BASE_EMPTY,Door,StairE,Door,Empty
BASE_EMPTY,Door,StairE,Door,Wall
BASE_EMPTY,Door,StairE,Door,Door
BASE_EMPTY,Door,StairE,Door,StairN
BASE_EMPTY,Door,StairE,Door,StairS
BASE_EMPTY,Door,StairE,Door,StairE
BASE_EMPTY,Door,StairE,Door,StairW
BASE_EMPTY,Door,StairE,StairN,Empty
BASE_EMPTY,Door,StairE,StairN,Wall
BASE_EMPTY,Door,StairE,StairN,Door
BASE_EMPTY,Door,StairE,StairN,StairN
BASE_EMPTY,Door,StairE,StairN,StairS
BASE_EMPTY,Door,StairE,StairN,StairE
BASE_EMPTY,Door,StairE,StairN,StairW
BASE_EMPTY,Door,StairE,StairS,Empty
BASE_EMPTY,Door,StairE,StairS,Wall
BASE_EMPTY,Door,StairE,StairS,Door
BASE_EMPTY,Door,StairE,StairS,StairN
BASE_EMPTY,Door,StairE,StairS,StairS
BASE_EMPTY,Door,StairE,StairS,StairE
BASE_EMPTY,Door,StairE,StairS,StairW
BASE_EMPTY,Door,StairE,StairE,Empty
BASE_EMPTY,Door,StairE,StairE,Wall
BASE_EMPTY,Door,StairE,StairE,Door
BASE_EMPTY,Door,StairE,StairE,StairN
BASE_EMPTY,Door,StairE,StairE,StairS
BASE_EMPTY,Door,StairE,StairE,StairE
BASE_EMPTY,Door,StairE,StairE,StairW
BASE_EMPTY,Door,StairE,StairW,Empty
BASE_EMPTY,Door,StairE,StairW,Wall
BASE_EMPTY,Door,StairE,StairW,Door
BASE_EMPTY,Door,StairE,StairW,StairN
BASE_EMPTY,Door,StairE,StairW,StairS
BASE_EMPTY,Door,StairE,StairW,StairE
BASE_EMPTY,Door,StairE,StairW,StairW
BASE_EMPTY,Door,StairW,Empty,Empty
BASE_EMPTY,Door,StairW,Empty,Wall
BASE_EMPTY,Door,StairW,Empty,Door
BASE_EMPTY,Door,StairW,Empty,StairN
BASE_EMPTY,Door,StairW,Empty,StairS
BASE_EMPTY,Door,StairW,Empty,StairE
BASE_EMPTY,Door,StairW,Empty,StairW
BASE_EMPTY,Door,StairW,Wall,Empty
BASE_EMPTY,Door,StairW,Wall,Wall
BASE_EMPTY,Door,StairW,Wall,Door
BASE_EMPTY,Door,StairW,Wall,StairN
BASE_EMPTY,Door,StairW,Wall,StairS
BASE_EMPTY,Door,StairW,Wall,StairE
BASE_EMPTY,Door,StairW,Wall,StairW
BASE_EMPTY,Door,StairW,Door,Empty
BASE_EMPTY,Door,StairW,Door,Wall
BASE_EMPTY,Door,StairW,Door,Door
BASE_EMPTY,Door,StairW,Door,StairN
BASE_EMPTY,Door,StairW,Door,StairS
BASE_EMPTY,Door,StairW,Door,StairE
BASE_EMPTY,Door,StairW,Door,StairW
BASE_EMPTY,Door,StairW,StairN,Empty
BASE_EMPTY,Door,StairW,StairN,Wall
BASE_EMPTY,Door,StairW,StairN,Door
BASE_EMPTY,Door,StairW,StairN,StairN
BASE_EMPTY,Door,StairW,StairN,StairS
BASE_EMPTY,Door,StairW,StairN,StairE
BASE_EMPTY,Door,StairW,StairN,StairW
BASE_EMPTY,Door,StairW,StairS,Empty
BASE_EMPTY,Door,StairW,StairS,Wall
BASE_EMPTY,Door,StairW,StairS,Door
BASE_EMPTY,Door,StairW,StairS,StairN
BASE_EMPTY,Door,StairW,StairS,StairS
BASE_EMPTY,Door,StairW,StairS,StairE
BASE_EMPTY,Door,StairW,StairS,StairW
BASE_EMPTY,Door,StairW,StairE,Empty
BASE_EMPTY,Door,StairW,StairE,Wall
BASE_EMPTY,Door,StairW,StairE,Door
BASE_EMPTY,Door,StairW,StairE,StairN
BASE_EMPTY,Door,StairW,StairE,StairS
BASE_EMPTY,Door,StairW,StairE,StairE
BASE_EMPTY,Door,StairW,StairE,StairW
BASE_EMPTY,Door,StairW,StairW,Empty
BASE_EMPTY,Door,StairW,StairW,Wall
BASE_EMPTY,Door,StairW,StairW,Door
BASE_EMPTY,Door,StairW,StairW,StairN
BASE_EMPTY,Door,StairW,StairW,StairS
BASE_EMPTY,Door,StairW,StairW,StairE
BASE_EMPTY,Door,StairW,StairW,StairW
BASE_STAIRN,StairN,Empty,Empty,Empty
BASE_STAIRN,StairN,Empty,Empty,Wall
BASE_STAIRN,StairN,Empty,Empty,Door
BASE_STAIRN,StairN,Empty,Empty,StairN
BASE_STAIRN,StairN,Empty,Empty,StairS
BASE_STAIRN,StairN,Empty,Empty,StairE
BASE_STAIRN,StairN,Empty,Empty,StairW
BASE_STAIRN,StairN,Empty,Wall,Empty
BASE_STAIRN,StairN,Empty,Wall,Wall
BASE_STAIRN,StairN,Empty,Wall,Door
BASE_STAIRN,StairN,Empty,Wall,StairN
BASE_STAIRN,StairN,Empty,Wall,StairS
BASE_STAIRN,StairN,Empty,Wall,StairE
BASE_STAIRN,StairN,Empty,Wall,StairW
BASE_STAIRN,StairN,Empty,Door,Empty
BASE_STAIRN,StairN,Empty,Door,Wall
BASE_STAIRN,StairN,Empty,Door,Door
BASE_STAIRN,StairN,Empty,Door,StairN
BASE_STAIRN,StairN,Empty,Door,StairS
BASE_STAIRN,StairN,Empty,Door,StairE
BASE_STAIRN,StairN,Empty,Door,StairW
BASE_STAIRN,StairN,Empty,StairN,Empty
BASE_STAIRN,StairN,Empty,StairN,Wall
BASE_STAIRN,StairN,Empty,StairN,Door
BASE_STAIRN,StairN,Empty,StairN,StairN
BASE_STAIRN,StairN,Empty,StairN,StairS
BASE_STAIRN,StairN,Empty,StairN,StairE
BASE_STAIRN,StairN,Empty,StairN,StairW
BASE_STAIRN,StairN,Empty,StairS,Empty
BASE_STAIRN,StairN,Empty,StairS,Wall
BASE_STAIRN,StairN,Empty,StairS,Door
BASE_STAIRN,StairN,Empty,StairS,StairN
BASE_STAIRN,StairN,Empty,StairS,StairS
BASE_STAIRN,StairN,Empty,StairS,StairE
BASE_STAIRN,StairN,Empty,StairS,StairW
BASE_STAIRN,StairN,Empty,StairE,Empty
BASE_STAIRN,StairN,Empty,StairE,Wall
BASE_STAIRN,StairN,Empty,StairE,Door
BASE_STAIRN,StairN,Empty,StairE,StairN
BASE_STAIRN,StairN,Empty,StairE,StairS
BASE_STAIRN,StairN,Empty,StairE,StairE
BASE_STAIRN,StairN,Empty,StairE,StairW
BASE_STAIRN,StairN,Empty,StairW,Empty
BASE_STAIRN,StairN,Empty,StairW,Wall
BASE_STAIRN,StairN,Empty,StairW,Door
BASE_STAIRN,StairN,Empty,StairW,StairN
BASE_STAIRN,StairN,Empty,StairW,StairS
BASE_STAIRN,StairN,Empty,StairW,StairE
BASE_STAIRN,StairN,Empty,StairW,StairW
BASE_STAIRNFULL,StairN,Wall,Empty,Empty
BASE_STAIRNFULL,StairN,Wall,Empty,Wall
BASE_STAIRNFULL,StairN,Wall,Empty,Door
BASE_STAIRNFULL,StairN,Wall,Empty,StairN
BASE_STAIRNFULL,StairN,Wall,Empty,StairS
BASE_STAIRNFULL,StairN,Wall,Empty,StairE
BASE_STAIRNFULL,StairN,Wall,Empty,StairW
BASE_STAIRNFULL,StairN,Wall,Wall,Empty
BASE_STAIRNFULL,StairN,Wall,Wall,Wall
BASE_STAIRNFULL,StairN,Wall,Wall,Door
BASE_STAIRNFULL,StairN,Wall,Wall,StairN
BASE_STAIRNFULL,StairN,Wall,Wall,StairS
BASE_STAIRNFULL,StairN,Wall,Wall,StairE
BASE_STAIRNFULL,StairN,Wall,Wall,StairW
BASE_STAIRNFULL,StairN,Wall,Door,Empty
BASE_STAIRNFULL,StairN,Wall,Door,Wall
BASE_STAIRNFULL,StairN,Wall,Door,Door
BASE_STAIRNFULL,StairN,Wall,Door,StairN
BASE_STAIRNFULL,StairN,Wall,Door,StairS
BASE_STAIRNFULL,StairN,Wall,Door,StairE
BASE_STAIRNFULL,StairN,Wall,Door,StairW
BASE_STAIRNFULL,StairN,Wall,StairN,Empty
BASE_STAIRNFULL,StairN,Wall,StairN,Wall
BASE_STAIRNFULL,StairN,Wall,StairN,Door
BASE_STAIRNFULL,StairN,Wall,StairN,StairN
BASE_STAIRNFULL,StairN,Wall,StairN,StairS
BASE_STAIRNFULL,StairN,Wall,StairN,StairE
BASE_STAIRNFULL,StairN,Wall,StairN,StairW
BASE_STAIRNFULL,StairN,Wall,StairS,Empty
BASE_STAIRNFULL,StairN,Wall,StairS,Wall
BASE_STAIRNFULL,StairN,Wall,StairS,Door
BASE_STAIRNFULL,StairN,Wall,StairS,StairN
BASE_STAIRNFULL,StairN,Wall,StairS,StairS
BASE_STAIRNFULL,StairN,Wall,StairS,StairE
BASE_STAIRNFULL,StairN,Wall,StairS,StairW
BASE_STAIRNFULL,StairN,Wall,StairE,Empty
BASE_STAIRNFULL,StairN,Wall,StairE,Wall
BASE_STAIRNFULL,StairN,Wall,StairE,Door
BASE_STAIRNFULL,StairN,Wall,StairE,StairN
BASE_STAIRNFULL,StairN,Wall,StairE,StairS
BASE_STAIRNFULL,StairN,Wall,StairE,StairE
BASE_STAIRNFULL,StairN,Wall,StairE,StairW
BASE_STAIRNFULL,StairN,Wall,StairW,Empty
BASE_STAIRNFULL,StairN,Wall,StairW,Wall
BASE_STAIRNFULL,StairN,Wall,StairW,Door
BASE_STAIRNFULL,StairN,Wall,StairW,StairN
BASE_STAIRNFULL,StairN,Wall,StairW,StairS
BASE_STAIRNFULL,StairN,Wall,StairW,StairE
BASE_STAIRNFULL,StairN,Wall,StairW,StairW
BASE_STAIRN,StairN,Door,Empty,Empty
BASE_STAIRN,StairN,Door,Empty,Wall
BASE_STAIRN,StairN,Door,Empty,Door
BASE_STAIRN,StairN,Door,Empty,StairN
BASE_STAIRN,StairN,Door,Empty,StairS
BASE_STAIRN,StairN,Door,Empty,StairE
BASE_STAIRN,StairN,Door,Empty,StairW
BASE_STAIRN,StairN,Door,Wall,Empty
BASE_STAIRN,StairN,Door,Wall,Wall
BASE_STAIRN,StairN,Door,Wall,Door
BASE_STAIRN,StairN,Door,Wall,StairN
BASE_STAIRN,StairN,Door,Wall,StairS
BASE_STAIRN,StairN,Door,Wall,StairE
BASE_STAIRN,StairN,Door,Wall,StairW
BASE_STAIRN,StairN,Door,Door,Empty
BASE_STAIRN,StairN,Door,Door,Wall
BASE_STAIRN,StairN,Door,Door,Door
BASE_STAIRN,StairN,Door,Door,StairN
BASE_STAIRN,StairN,Door,Door,StairS
BASE_STAIRN,StairN,Door,Door,StairE
BASE_STAIRN,StairN,Door,Door,StairW
BASE_STAIRN,StairN,Door,StairN,Empty
BASE_STAIRN,StairN,Door,StairN,Wall
BASE_STAIRN,StairN,Door,StairN,Door
BASE_STAIRN,StairN,Door,StairN,StairN
BASE_STAIRN,StairN,Door,StairN,StairS
BASE_STAIRN,StairN,Door,StairN,StairE
BASE_STAIRN,StairN,Door,StairN,StairW
BASE_STAIRN,StairN,Door,StairS,Empty
BASE_STAIRN,StairN,Door,StairS,Wall
BASE_STAIRN,StairN,Door,StairS,Door
BASE_STAIRN,StairN,Door,StairS,StairN
BASE_STAIRN,StairN,Door,StairS,StairS
BASE_STAIRN,StairN,Door,StairS,StairE
BASE_STAIRN,StairN,Door,StairS,StairW
BASE_STAIRN,StairN,Door,StairE,Empty
BASE_STAIRN,StairN,Door,StairE,Wall
BASE_STAIRN,StairN,Door,StairE,Door
BASE_STAIRN,StairN,Door,StairE,StairN
BASE_STAIRN,StairN,Door,StairE,StairS
BASE_STAIRN,StairN,Door,StairE,StairE
BASE_STAIRN,StairN,Door,StairE,StairW
BASE_STAIRN,StairN,Door,StairW,Empty
BASE_STAIRN,StairN,Door,StairW,Wall
BASE_STAIRN,StairN,Door,StairW,Door
BASE_STAIRN,StairN,Door,StairW,StairN
BASE_STAIRN,StairN,Door,StairW,StairS
BASE_STAIRN,StairN,Door,StairW,StairE
BASE_STAIRN,StairN,Door,StairW,StairW
BASE_STAIRNFULL,StairN,StairN,Empty,Empty
BASE_STAIRNFULL,StairN,StairN,Empty,Wall
BASE_STAIRNFULL,StairN,StairN,Empty,Door
BASE_STAIRNFULL,StairN,StairN,Empty,StairN
BASE_STAIRNFULL,StairN,StairN,Empty,StairS
BASE_STAIRNFULL,StairN,StairN,Empty,StairE
BASE_STAIRNFULL,StairN,StairN,Empty,StairW
BASE_STAIRNFULL,StairN,StairN,Wall,Empty
BASE_STAIRNFULL,StairN,StairN,Wall,Wall
BASE_STAIRNFULL,StairN,StairN,Wall,Door
BASE_STAIRNFULL,StairN,StairN,Wall,StairN
BASE_STAIRNFULL,StairN,StairN,Wall,StairS
BASE_STAIRNFULL,StairN,StairN,Wall,StairE
BASE_STAIRNFULL,StairN,StairN,Wall,StairW
BASE_STAIRNFULL,StairN,StairN,Door,Empty
BASE_STAIRNFULL,StairN,StairN,Door,Wall
BASE_STAIRNFULL,StairN,StairN,Door,Door
BASE_STAIRNFULL,StairN,StairN,Door,StairN
BASE_STAIRNFULL,StairN,StairN,Door,StairS
BASE_STAIRNFULL,StairN,StairN,Door,StairE
BASE_STAIRNFULL,StairN,StairN,Door,StairW
BASE_STAIRNFULL,StairN,StairN,StairN,Empty
BASE_STAIRNFULL,StairN,StairN,StairN,Wall
BASE_STAIRNFULL,StairN,StairN,StairN,Door
BASE_STAIRNFULL,StairN,StairN,StairN,StairN
BASE_STAIRNFULL,StairN,StairN,StairN,StairS
BASE_STAIRNFULL,StairN,StairN,StairN,StairE
BASE_STAIRNFULL,StairN,StairN,StairN,StairW
BASE_STAIRNFULL,StairN,StairN,StairS,Empty
BASE_STAIRNFULL,StairN,StairN,StairS,Wall
BASE_STAIRNFULL,StairN,StairN,StairS,Door
BASE_STAIRNFULL,StairN,StairN,StairS,StairN
BASE_STAIRNFULL,StairN,StairN,StairS,StairS
BASE_STAIRNFULL,StairN,StairN,StairS,StairE
BASE_STAIRNFULL,StairN,StairN,StairS,StairW
BASE_STAIRNFULL,StairN,StairN,StairE,Empty
BASE_STAIRNFULL,StairN,StairN,StairE,Wall
BASE_STAIRNFULL,StairN,StairN,StairE,Door
BASE_STAIRNFULL,StairN,StairN,StairE,StairN
BASE_STAIRNFULL,StairN,StairN,StairE,StairS
BASE_STAIRNFULL,StairN,StairN,StairE,StairE
BASE_STAIRNFULL,StairN,StairN,StairE,StairW
BASE_STAIRNFULL,StairN,StairN,StairW,Empty
BASE_STAIRNFULL,StairN,StairN,StairW,Wall
BASE_STAIRNFULL,StairN,StairN,StairW,Door
BASE_STAIRNFULL,StairN,StairN,StairW,StairN
BASE_STAIRNFULL,StairN,StairN,StairW,StairS
BASE_STAIRNFULL,StairN,StairN,StairW,StairE
BASE_STAIRNFULL,StairN,StairN,StairW,StairW
BASE_STAIRN,StairN,StairS,Empty,Empty
BASE_STAIRN,StairN,StairS,Empty,Wall
BASE_STAIRN,StairN,StairS,Empty,Door
BASE_STAIRN,StairN,StairS,Empty,StairN
BASE_STAIRN,StairN,StairS,Empty,StairS
BASE_STAIRN,StairN,StairS,Empty,StairE
BASE_STAIRN,StairN,StairS,Empty,StairW
BASE_STAIRN,StairN,StairS,Wall,Empty
BASE_STAIRN,StairN,StairS,Wall,Wall
BASE_STAIRN,StairN,StairS,Wall,Door
BASE_STAIRN,StairN,StairS,Wall,StairN
BASE_STAIRN,StairN,StairS,Wall,StairS
BASE_STAIRN,StairN,StairS,Wall,StairE
BASE_STAIRN,StairN,StairS,Wall,StairW
BASE_STAIRN,StairN,StairS,Door,Empty
BASE_STAIRN,StairN,StairS,Door,Wall
BASE_STAIRN,StairN,StairS,Door,Door
BASE_STAIRN,StairN,StairS,Door,StairN
BASE_STAIRN,StairN,StairS,Door,StairS
BASE_STAIRN,StairN,StairS,Door,StairE
BASE_STAIRN,StairN,StairS,Door,StairW
BASE_STAIRN,StairN,StairS,StairN,Empty
BASE_STAIRN,StairN,StairS,StairN,Wall
BASE_STAIRN,StairN,StairS,StairN,Door
BASE_STAIRN,StairN,StairS,StairN,StairN
BASE_STAIRN,StairN,StairS,StairN,StairS
BASE_STAIRN,StairN,StairS,StairN,StairE
BASE_STAIRN,StairN,StairS,StairN,StairW
BASE_STAIRN,StairN,StairS,StairS,Empty
BASE_STAIRN,StairN,StairS,StairS,Wall
BASE_STAIRN,StairN,StairS,StairS,Door
BASE_STAIRN,StairN,StairS,StairS,StairN
BASE_STAIRN,StairN,StairS,StairS,StairS
BASE_STAIRN,StairN,StairS,StairS,StairE
BASE_STAIRN,StairN,StairS,StairS,StairW
BASE_STAIRN,StairN,StairS,StairE,Empty
BASE_STAIRN,StairN,StairS,StairE,Wall
BASE_STAIRN,StairN,StairS,StairE,Door
BASE_STAIRN,StairN,StairS,StairE,StairN
BASE_STAIRN,StairN,StairS,StairE,StairS
BASE_STAIRN,StairN,StairS,StairE,StairE
BASE_STAIRN,StairN,StairS,StairE,StairW
BASE_STAIRN,StairN,StairS,StairW,Empty
BASE_STAIRN,StairN,StairS,StairW,Wall
BASE_STAIRN,StairN,StairS,StairW,Door
BASE_STAIRN,StairN,StairS,StairW,StairN
BASE_STAIRN,StairN,StairS,StairW,StairS
BASE_STAIRN,StairN,StairS,StairW,StairE
BASE_STAIRN,StairN,StairS,StairW,StairW
BASE_STAIRN,StairN,StairE,Empty,Empty
BASE_STAIRN,StairN,StairE,Empty,Wall
BASE_STAIRN,StairN,StairE,Empty,Door
BASE_STAIRN,StairN,StairE,Empty,StairN
BASE_STAIRN,StairN,StairE,Empty,StairS
BASE_STAIRN,StairN,StairE,Empty,StairE
BASE_STAIRN,StairN,StairE,Empty,StairW
BASE_STAIRN,StairN,StairE,Wall,Empty
BASE_STAIRN,StairN,StairE,Wall,Wall
BASE_STAIRN,StairN,StairE,Wall,Door
BASE_STAIRN,StairN,StairE,Wall,StairN
BASE_STAIRN,StairN,StairE,Wall,StairS
BASE_STAIRN,StairN,StairE,Wall,StairE
BASE_STAIRN,StairN,StairE,Wall,StairW
BASE_STAIRN,StairN,StairE,Door,Empty
BASE_STAIRN,StairN,StairE,Door,Wall
BASE_STAIRN,StairN,StairE,Door,Door
BASE_STAIRN,StairN,StairE,Door,StairN
BASE_STAIRN,StairN,StairE,Door,StairS
BASE_STAIRN,StairN,StairE,Door,StairE
BASE_STAIRN,StairN,StairE,Door,StairW
BASE_STAIRN,StairN,StairE,StairN,Empty
BASE_STAIRN,StairN,StairE,StairN,Wall
BASE_STAIRN,StairN,StairE,StairN,Door
BASE_STAIRN,StairN,StairE,StairN,StairN
BASE_STAIRN,StairN,StairE,StairN,StairS
BASE_STAIRN,StairN,StairE,StairN,StairE
BASE_STAIRN,StairN,StairE,StairN,StairW
BASE_STAIRN,StairN,StairE,StairS,Empty
BASE_STAIRN,StairN,StairE,StairS,Wall
BASE_STAIRN,StairN,StairE,StairS,Door
BASE_STAIRN,StairN,StairE,StairS,StairN
BASE_STAIRN,StairN,StairE,StairS,StairS
BASE_STAIRN,StairN,StairE,StairS,StairE
BASE_STAIRN,StairN,StairE,StairS,StairW
BASE_STAIRN,StairN,StairE,StairE,Empty
BASE_STAIRN,StairN,StairE,StairE,Wall
BASE_STAIRN,StairN,StairE,StairE,Door
BASE_STAIRN,StairN,StairE,StairE,StairN
BASE_STAIRN,StairN,StairE,StairE,StairS
BASE_STAIRN,StairN,StairE,StairE,StairE
BASE_STAIRN,StairN,StairE,StairE,StairW
BASE_STAIRN,StairN,StairE,StairW,Empty
BASE_STAIRN,StairN,StairE,StairW,Wall
BASE_STAIRN,StairN,StairE,StairW,Door
BASE_STAIRN,StairN,StairE,StairW,StairN
BASE_STAIRN,StairN,StairE,StairW,StairS
BASE_STAIRN,StairN,StairE,StairW,StairE
BASE_STAIRN,StairN,StairE,StairW,StairW
BASE_STAIRN,StairN,StairW,Empty,Empty
BASE_STAIRN,StairN,StairW,Empty,Wall
BASE_STAIRN,StairN,StairW,Empty,Door
BASE_STAIRN,StairN,StairW,Empty,StairN
BASE_STAIRN,StairN,StairW,Empty,StairS
BASE_STAIRN,StairN,StairW,Empty,StairE
BASE_STAIRN,StairN,StairW,Empty,StairW
BASE_STAIRN,StairN,StairW,Wall,Empty
BASE_STAIRN,StairN,StairW,Wall,Wall
BASE_STAIRN,StairN,StairW,Wall,Door
BASE_STAIRN,StairN,StairW,Wall,StairN
BASE_STAIRN,StairN,StairW,Wall,StairS
BASE_STAIRN,StairN,StairW,Wall,StairE
BASE_STAIRN,StairN,StairW,Wall,StairW
BASE_STAIRN,StairN,StairW,Door,Empty
BASE_STAIRN,StairN,StairW,Door,Wall
BASE_STAIRN,StairN,StairW,Door,Door
BASE_STAIRN,StairN,StairW,Door,StairN
BASE_STAIRN,StairN,StairW,Door,StairS
BASE_STAIRN,StairN,StairW,Door,StairE
BASE_STAIRN,StairN,StairW,Door,StairW
BASE_STAIRN,StairN,StairW,StairN,Empty
BASE_STAIRN,StairN,StairW,StairN,Wall
BASE_STAIRN,StairN,StairW,StairN,Door
BASE_STAIRN,StairN,StairW,StairN,StairN
BASE_STAIRN,StairN,StairW,StairN,StairS
BASE_STAIRN,StairN,StairW,StairN,StairE
BASE_STAIRN,StairN,StairW,StairN,StairW
BASE_STAIRN,StairN,StairW,StairS,Empty
BASE_STAIRN,StairN,StairW,StairS,Wall
BASE_STAIRN,StairN,StairW,StairS,Door
BASE_STAIRN,StairN,StairW,StairS,StairN
BASE_STAIRN,StairN,StairW,StairS,StairS
BASE_STAIRN,StairN,StairW,StairS,StairE
BASE_STAIRN,StairN,StairW,StairS,StairW
BASE_STAIRN,StairN,StairW,StairE,Empty
BASE_STAIRN,StairN,StairW,StairE,Wall
BASE_STAIRN,StairN,StairW,StairE,Door
BASE_STAIRN,StairN,StairW,StairE,StairN
BASE_STAIRN,StairN,StairW,StairE,StairS
BASE_STAIRN,StairN,StairW,StairE,StairE
BASE_STAIRN,StairN,StairW,StairE,StairW
BASE_STAIRN,StairN,StairW,StairW,Empty
BASE_STAIRN,StairN,StairW,StairW,Wall
BASE_STAIRN,StairN,StairW,StairW,Door
BASE_STAIRN,StairN,StairW,StairW,StairN
BASE_STAIRN,StairN,StairW,StairW,StairS
BASE_STAIRN,StairN,StairW,StairW,StairE
BASE_STAIRN,StairN,StairW,StairW,StairW
BASE_STAIRS,StairS,Empty,Empty,Empty
BASE_STAIRS,StairS,Empty,Empty,Wall
BASE_STAIRS,StairS,Empty,Empty,Door
BASE_STAIRS,StairS,Empty,Empty,StairN
BASE_STAIRS,StairS,Empty,Empty,StairS
BASE_STAIRS,StairS,Empty,Empty,StairE
BASE_STAIRS,StairS,Empty,Empty,StairW
BASE_STAIRS,StairS,Empty,Wall,Empty
BASE_STAIRS,StairS,Empty,Wall,Wall
BASE_STAIRS,StairS,Empty,Wall,Door
BASE_STAIRS,StairS,Empty,Wall,StairN
BASE_STAIRS,StairS,Empty,Wall,StairS
BASE_STAIRS,StairS,Empty,Wall,StairE
BASE_STAIRS,StairS,Empty,Wall,StairW
BASE_STAIRS,StairS,Empty,Door,Empty
BASE_STAIRS,StairS,Empty,Door,Wall
BASE_STAIRS,StairS,Empty,Door,Door
BASE_STAIRS,StairS,Empty,Door,StairN
BASE_STAIRS,StairS,Empty,Door,StairS
BASE_STAIRS,StairS,Empty,Door,StairE
BASE_STAIRS,StairS,Empty,Door,StairW
BASE_STAIRS,StairS,Empty,StairN,Empty
BASE_STAIRS,StairS,Empty,StairN,Wall
BASE_STAIRS,StairS,Empty,StairN,Door
BASE_STAIRS,StairS,Empty,StairN,StairN
BASE_STAIRS,StairS,Empty,StairN,StairS
BASE_STAIRS,StairS,Empty,StairN,StairE
BASE_STAIRS,StairS,Empty,StairN,StairW
BASE_STAIRS,StairS,Empty,StairS,Empty
BASE_STAIRS,StairS,Empty,StairS,Wall
BASE_STAIRS,StairS,Empty,StairS,Door
BASE_STAIRS,StairS,Empty,StairS,StairN
BASE_STAIRS,StairS,Empty,StairS,StairS
BASE_STAIRS,StairS,Empty,StairS,StairE
BASE_STAIRS,StairS,Empty,StairS,StairW
BASE_STAIRS,StairS,Empty,StairE,Empty
BASE_STAIRS,StairS,Empty,StairE,Wall
BASE_STAIRS,StairS,Empty,StairE,Door
BASE_STAIRS,StairS,Empty,StairE,StairN
BASE_STAIRS,StairS,Empty,StairE,StairS
BASE_STAIRS,StairS,Empty,StairE,StairE
BASE_STAIRS,StairS,Empty,StairE,StairW
BASE_STAIRS,StairS,Empty,StairW,Empty
BASE_STAIRS,StairS,Empty,StairW,Wall
BASE_STAIRS,StairS,Empty,StairW,Door
BASE_STAIRS,StairS,Empty,StairW,StairN
BASE_STAIRS,StairS,Empty,StairW,StairS
BASE_STAIRS,StairS,Empty,StairW,StairE
BASE_STAIRS,StairS,Empty,StairW,StairW
BASE_STAIRSFULL,StairS,Wall,Empty,Empty
BASE_STAIRSFULL,StairS,Wall,Empty,Wall
BASE_STAIRSFULL,StairS,Wall,Empty,Door
BASE_STAIRSFULL,StairS,Wall,Empty,StairN
BASE_STAIRSFULL,StairS,Wall,Empty,StairS
BASE_STAIRSFULL,StairS,Wall,Empty,StairE
BASE_STAIRSFULL,StairS,Wall,Empty,StairW
BASE_STAIRSFULL,StairS,Wall,Wall,Empty
BASE_STAIRSFULL,StairS,Wall,Wall,Wall
BASE_STAIRSFULL,StairS,Wall,Wall,Door
BASE_STAIRSFULL,StairS,Wall,Wall,StairN
BASE_STAIRSFULL,StairS,Wall,Wall,StairS
BASE_STAIRSFULL,StairS,Wall,Wall,StairE
BASE_STAIRSFULL,StairS,Wall,Wall,StairW
BASE_STAIRSFULL,StairS,Wall,Door,Empty
BASE_STAIRSFULL,StairS,Wall,Door,Wall
BASE_STAIRSFULL,StairS,Wall,Door,Door
BASE_STAIRSFULL,StairS,Wall,Door,StairN
BASE_STAIRSFULL,StairS,Wall,Door,StairS
BASE_STAIRSFULL,StairS,Wall,Door,StairE
BASE_STAIRSFULL,StairS,Wall,Door,StairW
BASE_STAIRSFULL,StairS,Wall,StairN,Empty
BASE_STAIRSFULL,StairS,Wall,StairN,Wall
BASE_STAIRSFULL,StairS,Wall,StairN,Door
BASE_STAIRSFULL,StairS,Wall,StairN,StairN
BASE_STAIRSFULL,StairS,Wall,StairN,StairS
BASE_STAIRSFULL,StairS,Wall,StairN,StairE
BASE_STAIRSFULL,StairS,Wall,StairN,StairW
BASE_STAIRSFULL,StairS,Wall,StairS,Empty
BASE_STAIRSFULL,StairS,Wall,StairS,Wall
BASE_STAIRSFULL,StairS,Wall,StairS,Door
BASE_STAIRSFULL,StairS,Wall,StairS,StairN
BASE_STAIRSFULL,StairS,Wall,StairS,StairS
BASE_STAIRSFULL,StairS,Wall,StairS,StairE
BASE_STAIRSFULL,StairS,Wall,StairS,StairW
BASE_STAIRSFULL,StairS,Wall,StairE,Empty
BASE_STAIRSFULL,StairS,Wall,StairE,Wall
BASE_STAIRSFULL,StairS,Wall,StairE,Door
BASE_STAIRSFULL,StairS,Wall,StairE,StairN
BASE_STAIRSFULL,StairS,Wall,StairE,StairS
BASE_STAIRSFULL,StairS,Wall,StairE,StairE
BASE_STAIRSFULL,StairS,Wall,StairE,StairW
BASE_STAIRSFULL,StairS,Wall,StairW,Empty
BASE_STAIRSFULL,StairS,Wall,StairW,Wall
BASE_STAIRSFULL,StairS,Wall,StairW,Door
BASE_STAIRSFULL,StairS,Wall,StairW,StairN
BASE_STAIRSFULL,StairS,Wall,StairW,StairS
BASE_STAIRSFULL,StairS,Wall,StairW,StairE
BASE_STAIRSFULL,StairS,Wall,StairW,StairW
BASE_STAIRS,StairS,Door,Empty,Empty
BASE_STAIRS,StairS,Door,Empty,Wall
BASE_STAIRS,StairS,Door,Empty,Door
BASE_STAIRS,StairS,Door,Empty,StairN
BASE_STAIRS,StairS,Door,Empty,StairS
BASE_STAIRS,StairS,Door,Empty,StairE
BASE_STAIRS,StairS,Door,Empty,StairW
BASE_STAIRS,StairS,Door,Wall,Empty
BASE_STAIRS,StairS,Door,Wall,Wall
BASE_STAIRS,StairS,Door,Wall,Door
BASE_STAIRS,StairS,Door,Wall,StairN
BASE_STAIRS,StairS,Door,Wall,StairS
BASE_STAIRS,StairS,Door,Wall,StairE
BASE_STAIRS,StairS,Door,Wall,StairW
BASE_STAIRS,StairS,Door,Door,Empty
BASE_STAIRS,StairS,Door,Door,Wall
BASE_STAIRS,StairS,Door,Door,Door
BASE_STAIRS,StairS,Door,Door,StairN
BASE_STAIRS,StairS,Door,Door,StairS
BASE_STAIRS,StairS,Door,Door,StairE
BASE_STAIRS,StairS,Door,Door,StairW
BASE_STAIRS,StairS,Door,StairN,Empty
BASE_STAIRS,StairS,Door,StairN,Wall
BASE_STAIRS,StairS,Door,StairN,Door
BASE_STAIRS,StairS,Door,StairN,StairN
BASE_STAIRS,StairS,Door,StairN,StairS
BASE_STAIRS,StairS,Door,StairN,StairE
BASE_STAIRS,StairS,Door,StairN,StairW
BASE_STAIRS,StairS,Door,StairS,Empty
BASE_STAIRS,StairS,Door,StairS,Wall
BASE_STAIRS,StairS,Door,StairS,Door
BASE_STAIRS,StairS,Door,StairS,StairN
BASE_STAIRS,StairS,Door,StairS,StairS
BASE_STAIRS,StairS,Door,StairS,StairE
BASE_STAIRS,StairS,Door,StairS,StairW
BASE_STAIRS,StairS,Door,StairE,Empty
BASE_STAIRS,StairS,Door,StairE,Wall
BASE_STAIRS,StairS,Door,StairE,Door
BASE_STAIRS,StairS,Door,StairE,StairN
BASE_STAIRS,StairS,Door,StairE,StairS
BASE_STAIRS,StairS,Door,StairE,StairE
BASE_STAIRS,StairS,Door,StairE,StairW
BASE_STAIRS,StairS,Door,StairW,Empty
BASE_STAIRS,StairS,Door,StairW,Wall
BASE_STAIRS,StairS,Door,StairW,Door
BASE_STAIRS,StairS,Door,StairW,StairN
BASE_STAIRS,StairS,Door,StairW,StairS
BASE_STAIRS,StairS,Door,StairW,StairE
BASE_STAIRS,StairS,Door,StairW,StairW
BASE_STAIRS,StairS,StairN,Empty,Empty
BASE_STAIRS,StairS,StairN,Empty,Wall
BASE_STAIRS,StairS,StairN,Empty,Door
BASE_STAIRS,StairS,StairN,Empty,StairN
BASE_STAIRS,StairS,StairN,Empty,StairS
BASE_STAIRS,StairS,StairN,Empty,StairE
BASE_STAIRS,StairS,StairN,Empty,StairW
BASE_STAIRS,StairS,StairN,Wall,Empty
BASE_STAIRS,StairS,StairN,Wall,Wall
BASE_STAIRS,StairS,StairN,Wall,Door
BASE_STAIRS,StairS,StairN,Wall,StairN
BASE_STAIRS,StairS,StairN,Wall,StairS
BASE_STAIRS,StairS,StairN,Wall,StairE
BASE_STAIRS,StairS,StairN,Wall,StairW
BASE_STAIRS,StairS,StairN,Door,Empty
BASE_STAIRS,StairS,StairN,Door,Wall
BASE_STAIRS,StairS,StairN,Door,Door
BASE_STAIRS,StairS,StairN,Door,StairN
BASE_STAIRS,StairS,StairN,Door,StairS
BASE_STAIRS,StairS,StairN,Door,StairE
BASE_STAIRS,StairS,StairN,Door,StairW
BASE_STAIRS,StairS,StairN,StairN,Empty
BASE_STAIRS,StairS,StairN,StairN,Wall
BASE_STAIRS,StairS,StairN,StairN,Door
BASE_STAIRS,StairS,StairN,StairN,StairN
BASE_STAIRS,StairS,StairN,StairN,StairS
BASE_STAIRS,StairS,StairN,StairN,StairE
BASE_STAIRS,StairS,StairN,StairN,StairW
BASE_STAIRS,StairS,StairN,StairS,Empty
BASE_STAIRS,StairS,StairN,StairS,Wall
BASE_STAIRS,StairS,StairN,StairS,Door
BASE_STAIRS,StairS,StairN,StairS,StairN
BASE_STAIRS,StairS,StairN,StairS,StairS
BASE_STAIRS,StairS,StairN,StairS,StairE
BASE_STAIRS,StairS,StairN,StairS,StairW
BASE_STAIRS,StairS,StairN,StairE,Empty
BASE_STAIRS,StairS,StairN,StairE,Wall
BASE_STAIRS,StairS,StairN,StairE,Door
BASE_STAIRS,StairS,StairN,StairE,StairN
BASE_STAIRS,StairS,StairN,StairE,StairS
BASE_STAIRS,StairS,StairN,StairE,StairE
BASE_STAIRS,StairS,StairN,StairE,StairW
BASE_STAIRS,StairS,StairN,StairW,Empty
BASE_STAIRS,StairS,StairN,StairW,Wall
BASE_STAIRS,StairS,StairN,StairW,Door
BASE_STAIRS,StairS,StairN,StairW,StairN
BASE_STAIRS,StairS,StairN,StairW,StairS
BASE_STAIRS,StairS,StairN,StairW,StairE
BASE_STAIRS,StairS,StairN,StairW,StairW
BASE_STAIRSFULL,StairS,StairS,Empty,Empty
BASE_STAIRSFULL,StairS,StairS,Empty,Wall
BASE_STAIRSFULL,StairS,StairS,Empty,Door
BASE_STAIRSFULL,StairS,StairS,Empty,StairN
BASE_STAIRSFULL,StairS,StairS,Empty,StairS
BASE_STAIRSFULL,StairS,StairS,Empty,StairE
BASE_STAIRSFULL,StairS,StairS,Empty,StairW
BASE_STAIRSFULL,StairS,StairS,Wall,Empty
BASE_STAIRSFULL,StairS,StairS,Wall,Wall
BASE_STAIRSFULL,StairS,StairS,Wall,Door
BASE_STAIRSFULL,StairS,StairS,Wall,StairN
BASE_STAIRSFULL,StairS,StairS,Wall,StairS
BASE_STAIRSFULL,StairS,StairS,Wall,StairE
BASE_STAIRSFULL,StairS,StairS,Wall,StairW
BASE_STAIRSFULL,StairS,StairS,Door,Empty
BASE_STAIRSFULL,StairS,StairS,Door,Wall
BASE_STAIRSFULL,StairS,StairS,Door,Door
BASE_STAIRSFULL,StairS,StairS,Door,StairN
BASE_STAIRSFULL,StairS,StairS,Door,StairS
BASE_STAIRSFULL,StairS,StairS,Door,StairE
BASE_STAIRSFULL,StairS,StairS,Door,StairW
BASE_STAIRSFULL,StairS,StairS,StairN,Empty
BASE_STAIRSFULL,StairS,StairS,StairN,Wall
BASE_STAIRSFULL,StairS,StairS,StairN,Door
BASE_STAIRSFULL,StairS,StairS,StairN,StairN
BASE_STAIRSFULL,StairS,StairS,StairN,StairS
BASE_STAIRSFULL,StairS,StairS,StairN,StairE
BASE_STAIRSFULL,StairS,StairS,StairN,StairW
BASE_STAIRSFULL,StairS,StairS,StairS,Empty
BASE_STAIRSFULL,StairS,StairS,StairS,Wall
BASE_STAIRSFULL,StairS,StairS,StairS,Door
BASE_STAIRSFULL,StairS,StairS,StairS,StairN
BASE_STAIRSFULL,StairS,StairS,StairS,StairS
BASE_STAIRSFULL,StairS,StairS,StairS,StairE
BASE_STAIRSFULL,StairS,StairS,StairS,StairW
BASE_STAIRSFULL,StairS,StairS,StairE,Empty
BASE_STAIRSFULL,StairS,StairS,StairE,Wall
BASE_STAIRSFULL,StairS,StairS,StairE,Door
BASE_STAIRSFULL,StairS,StairS,StairE,StairN
BASE_STAIRSFULL,StairS,StairS,StairE,StairS
BASE_STAIRSFULL,StairS,StairS,StairE,StairE
BASE_STAIRSFULL,StairS,StairS,StairE,StairW
BASE_STAIRSFULL,StairS,StairS,StairW,Empty
BASE_STAIRSFULL,StairS,StairS,StairW,Wall
BASE_STAIRSFULL,StairS,StairS,StairW,Door
BASE_STAIRSFULL,StairS,StairS,StairW,StairN
BASE_STAIRSFULL,StairS,StairS,StairW,StairS
BASE_STAIRSFULL,StairS,StairS,StairW,StairE
BASE_STAIRSFULL,StairS,StairS,StairW,StairW
BASE_STAIRS,StairS,StairE,Empty,Empty
BASE_STAIRS,StairS,StairE,Empty,Wall
BASE_STAIRS,StairS,StairE,Empty,Door
BASE_STAIRS,StairS,StairE,Empty,StairN
BASE_STAIRS,StairS,StairE,Empty,StairS
BASE_STAIRS,StairS,StairE,Empty,StairE
BASE_STAIRS,StairS,StairE,Empty,StairW
BASE_STAIRS,StairS,StairE,Wall,Empty
BASE_STAIRS,StairS,StairE,Wall,Wall
BASE_STAIRS,StairS,StairE,Wall,Door
BASE_STAIRS,StairS,StairE,Wall,StairN
BASE_STAIRS,StairS,StairE,Wall,StairS
BASE_STAIRS,StairS,StairE,Wall,StairE
BASE_STAIRS,StairS,StairE,Wall,StairW
BASE_STAIRS,StairS,StairE,Door,Empty
BASE_STAIRS,StairS,StairE,Door,Wall
BASE_STAIRS,StairS,StairE,Door,Door
BASE_STAIRS,StairS,StairE,Door,StairN
BASE_STAIRS,StairS,StairE,Door,StairS
BASE_STAIRS,StairS,StairE,Door,StairE
BASE_STAIRS,StairS,StairE,Door,StairW
BASE_STAIRS,StairS,StairE,StairN,Empty
BASE_STAIRS,StairS,StairE,StairN,Wall
BASE_STAIRS,StairS,StairE,StairN,Door
BASE_STAIRS,StairS,StairE,StairN,StairN
BASE_STAIRS,StairS,StairE,StairN,StairS
BASE_STAIRS,StairS,StairE,StairN,StairE
BASE_STAIRS,StairS,StairE,StairN,StairW
BASE_STAIRS,StairS,StairE,StairS,Empty
BASE_STAIRS,StairS,StairE,StairS,Wall
BASE_STAIRS,StairS,StairE,StairS,Door
BASE_STAIRS,StairS,StairE,StairS,StairN
BASE_STAIRS,StairS,StairE,StairS,StairS
BASE_STAIRS,StairS,StairE,StairS,StairE
BASE_STAIRS,StairS,StairE,StairS,StairW
BASE_STAIRS,StairS,StairE,StairE,Empty
BASE_STAIRS,StairS,StairE,StairE,Wall
BASE_STAIRS,StairS,StairE,StairE,Door
BASE_STAIRS,StairS,StairE,StairE,StairN
BASE_STAIRS,StairS,StairE,StairE,StairS
BASE_STAIRS,StairS,StairE,StairE,StairE
BASE_STAIRS,StairS,StairE,StairE,StairW
BASE_STAIRS,StairS,StairE,StairW,Empty
BASE_STAIRS,StairS,StairE,StairW,Wall
BASE_STAIRS,StairS,StairE,StairW,Door
BASE_STAIRS,StairS,StairE,StairW,StairN
BASE_STAIRS,StairS,StairE,StairW,StairS
BASE_STAIRS,StairS,StairE,StairW,StairE
BASE_STAIRS,StairS,StairE,StairW,StairW
BASE_STAIRS,StairS,StairW,Empty,Empty
BASE_STAIRS,StairS,StairW,Empty,Wall
BASE_STAIRS,StairS,StairW,Empty,Door
BASE_STAIRS,StairS,StairW,Empty,StairN
BASE_STAIRS,StairS,StairW,Empty,StairS
BASE_STAIRS,StairS,StairW,Empty,StairE
BASE_STAIRS,StairS,StairW,Empty,StairW
BASE_STAIRS,StairS,StairW,Wall,Empty
BASE_STAIRS,StairS,StairW,Wall,Wall
BASE_STAIRS,StairS,StairW,Wall,Door
BASE_STAIRS,StairS,StairW,Wall,StairN
BASE_STAIRS,StairS,StairW,Wall,StairS
BASE_STAIRS,StairS,StairW,Wall,StairE
BASE_STAIRS,StairS,StairW,Wall,StairW
BASE_STAIRS,StairS,StairW,Door,Empty
BASE_STAIRS,StairS,StairW,Door,Wall
BASE_STAIRS,StairS,StairW,Door,Door
BASE_STAIRS,StairS,StairW,Door,StairN
BASE_STAIRS,StairS,StairW,Door,StairS
BASE_STAIRS,StairS,StairW,Door,StairE
BASE_STAIRS,StairS,StairW,Door,StairW
BASE_STAIRS,StairS,StairW,StairN,Empty
BASE_STAIRS,StairS,StairW,StairN,Wall
BASE_STAIRS,StairS,StairW,StairN,Door
BASE_STAIRS,StairS,StairW,StairN,StairN
BASE_STAIRS,StairS,StairW,StairN,StairS
BASE_STAIRS,StairS,StairW,StairN,StairE
BASE_STAIRS,StairS,StairW,StairN,StairW
BASE_STAIRS,StairS,StairW,StairS,Empty
BASE_STAIRS,StairS,StairW,StairS,Wall
BASE_STAIRS,StairS,StairW,StairS,Door
BASE_STAIRS,StairS,StairW,StairS,StairN
BASE_STAIRS,StairS,StairW,StairS,StairS
BASE_STAIRS,StairS,StairW,StairS,StairE
BASE_STAIRS,StairS,StairW,StairS,StairW
BASE_STAIRS,StairS,StairW,StairE,Empty
BASE_STAIRS,StairS,StairW,StairE,Wall
BASE_STAIRS,StairS,StairW,StairE,Door
BASE_STAIRS,StairS,StairW,StairE,StairN
BASE_STAIRS,StairS,StairW,StairE,StairS
BASE_STAIRS,StairS,StairW,StairE,StairE
BASE_STAIRS,StairS,StairW,StairE,StairW
BASE_STAIRS,StairS,StairW,StairW,Empty
BASE_STAIRS,StairS,StairW,StairW,Wall
BASE_STAIRS,StairS,StairW,StairW,Door
BASE_STAIRS,StairS,StairW,StairW,StairN
BASE_STAIRS,StairS,StairW,StairW,StairS
BASE_STAIRS,StairS,StairW,StairW,StairE
BASE_STAIRS,StairS,StairW,StairW,StairW
BASE_STAIRE,StairE,Empty,Empty,Empty
BASE_STAIREFULL,StairE,Empty,Empty,Wall
BASE_STAIRE,StairE,Empty,Empty,Door
BASE_STAIRE,StairE,Empty,Empty,StairN
BASE_STAIRE,StairE,Empty,Empty,StairS
BASE_STAIREFULL,StairE,Empty,Empty,StairE
BASE_STAIRE,StairE,Empty,Empty,StairW
BASE_STAIRE,StairE,Empty,Wall,Empty
BASE_STAIREFULL,StairE,Empty,Wall,Wall
BASE_STAIRE,StairE,Empty,Wall,Door
BASE_STAIRE,StairE,Empty,Wall,StairN
BASE_STAIRE,StairE,Empty,Wall,StairS
BASE_STAIREFULL,StairE,Empty,Wall,StairE
BASE_STAIRE,StairE,Empty,Wall,StairW
BASE_STAIRE,StairE,Empty,Door,Empty
BASE_STAIREFULL,StairE,Empty,Door,Wall
BASE_STAIRE,StairE,Empty,Door,Door
BASE_STAIRE,StairE,Empty,Door,StairN
BASE_STAIRE,StairE,Empty,Door,StairS
BASE_STAIREFULL,StairE,Empty,Door,StairE
BASE_STAIRE,StairE,Empty,Door,StairW
BASE_STAIRE,StairE,Empty,StairN,Empty
BASE_STAIREFULL,StairE,Empty,StairN,Wall
BASE_STAIRE,StairE,Empty,StairN,Door
BASE_STAIRE,StairE,Empty,StairN,StairN
BASE_STAIRE,StairE,Empty,StairN,StairS
BASE_STAIREFULL,StairE,Empty,StairN,StairE
BASE_STAIRE,StairE,Empty,StairN,StairW
BASE_STAIRE,StairE,Empty,StairS,Empty
BASE_STAIREFULL,StairE,Empty,StairS,Wall
BASE_STAIRE,StairE,Empty,StairS,Door
BASE_STAIRE,StairE,Empty,StairS,StairN
BASE_STAIRE,StairE,Empty,StairS,StairS
BASE_STAIREFULL,StairE,Empty,StairS,StairE
BASE_STAIRE,StairE,Empty,StairS,StairW
BASE_STAIRE,StairE,Empty,StairE,Empty
BASE_STAIREFULL,StairE,Empty,StairE,Wall
BASE_STAIRE,StairE,Empty,StairE,Door
BASE_STAIRE,StairE,Empty,StairE,StairN
BASE_STAIRE,StairE,Empty,StairE,StairS
BASE_STAIREFULL,StairE,Empty,StairE,StairE
BASE_STAIRE,StairE,Empty,StairE,StairW
BASE_STAIRE,StairE,Empty,StairW,Empty
BASE_STAIREFULL,StairE,Empty,StairW,Wall
BASE_STAIRE,StairE,Empty,StairW,Door
BASE_STAIRE,StairE,Empty,StairW,StairN
BASE_STAIRE,StairE,Empty,StairW,StairS
BASE_STAIREFULL,StairE,Empty,StairW,StairE
BASE_STAIRE,StairE,Empty,StairW,StairW
BASE_STAIRE,StairE,Wall,Empty,Empty
BASE_STAIREFULL,StairE,Wall,Empty,Wall
BASE_STAIRE,StairE,Wall,Empty,Door
BASE_STAIRE,StairE,Wall,Empty,StairN
BASE_STAIRE,StairE,Wall,Empty,StairS
BASE_STAIREFULL,StairE,Wall,Empty,StairE
BASE_STAIRE,StairE,Wall,Empty,StairW
BASE_STAIRE,StairE,Wall,Wall,Empty
BASE_STAIREFULL,StairE,Wall,Wall,Wall
BASE_STAIRE,StairE,Wall,Wall,Door
BASE_STAIRE,StairE,Wall,Wall,StairN
BASE_STAIRE,StairE,Wall,Wall,StairS
BASE_STAIREFULL,StairE,Wall,Wall,StairE
BASE_STAIRE,StairE,Wall,Wall,StairW
BASE_STAIRE,StairE,Wall,Door,Empty
BASE_STAIREFULL,StairE,Wall,Door,Wall
BASE_STAIRE,StairE,Wall,Door,Door
BASE_STAIRE,StairE,Wall,Door,StairN
BASE_STAIRE,StairE,Wall,Door,StairS
BASE_STAIREFULL,StairE,Wall,Door,StairE
BASE_STAIRE,StairE,Wall,Door,StairW
BASE_STAIRE,StairE,Wall,StairN,Empty
BASE_STAIREFULL,StairE,Wall,StairN,Wall
BASE_STAIRE,StairE,Wall,StairN,Door
BASE_STAIRE,StairE,Wall,StairN,StairN
BASE_STAIRE,StairE,Wall,StairN,StairS
BASE_STAIREFULL,StairE,Wall,StairN,StairE
BASE_STAIRE,StairE,Wall,StairN,StairW
BASE_STAIRE,StairE,Wall,StairS,Empty
BASE_STAIREFULL,StairE,Wall,StairS,Wall
BASE_STAIRE,StairE,Wall,StairS,Door
BASE_STAIRE,StairE,Wall,StairS,StairN
BASE_STAIRE,StairE,Wall,StairS,StairS
BASE_STAIREFULL,StairE,Wall,StairS,StairE
BASE_STAIRE,StairE,Wall,StairS,StairW
BASE_STAIRE,StairE,Wall,StairE,Empty
BASE_STAIREFULL,StairE,Wall,StairE,Wall
BASE_STAIRE,StairE,Wall,StairE,Door
BASE_STAIRE,StairE,Wall,StairE,StairN
BASE_STAIRE,StairE,Wall,StairE,StairS
BASE_STAIREFULL,StairE,Wall,StairE,StairE
BASE_STAIRE,StairE,Wall,StairE,StairW
BASE_STAIRE,StairE,Wall,StairW,Empty
BASE_STAIREFULL,StairE,Wall,StairW,Wall
BASE_STAIRE,StairE,Wall,StairW,Door
BASE_STAIRE,StairE,Wall,StairW,StairN
BASE_STAIRE,StairE,Wall,StairW,StairS
BASE_STAIREFULL,StairE,Wall,StairW,StairE
BASE_STAIRE,StairE,Wall,StairW,StairW
BASE_STAIRE,StairE,Door,Empty,Empty
BASE_STAIREFULL,StairE,Door,Empty,Wall
BASE_STAIRE,StairE,Door,Empty,Door
BASE_STAIRE,StairE,Door,Empty,StairN
BASE_STAIRE,StairE,Door,Empty,StairS
BASE_STAIREFULL,StairE,Door,Empty,StairE
BASE_STAIRE,StairE,Door,Empty,StairW
BASE_STAIRE,StairE,Door,Wall,Empty
BASE_STAIREFULL,StairE,Door,Wall,Wall
BASE_STAIRE,StairE,Door,Wall,Door
BASE_STAIRE,StairE,Door,Wall,StairN
BASE_STAIRE,StairE,Door,Wall,StairS
BASE_STAIREFULL,StairE,Door,Wall,StairE
BASE_STAIRE,StairE,Door,Wall,StairW
BASE_STAIRE,StairE,Door,Door,Empty
BASE_STAIREFULL,StairE,Door,Door,Wall
BASE_STAIRE,StairE,Door,Door,Door
BASE_STAIRE,StairE,Door,Door,StairN
BASE_STAIRE,StairE,Door,Door,StairS
BASE_STAIREFULL,StairE,Door,Door,StairE
BASE_STAIRE,StairE,Door,Door,StairW
BASE_STAIRE,StairE,Door,StairN,Empty
BASE_STAIREFULL,StairE,Door,StairN,Wall
BASE_STAIRE,StairE,Door,StairN,Door
BASE_STAIRE,StairE,Door,StairN,StairN
BASE_STAIRE,StairE,Door,StairN,StairS
BASE_STAIREFULL,StairE,Door,StairN,StairE
BASE_STAIRE,StairE,Door,StairN,StairW
BASE_STAIRE,StairE,Door,StairS,Empty
BASE_STAIREFULL,StairE,Door,StairS,Wall
BASE_STAIRE,StairE,Door,StairS,Door
BASE_STAIRE,StairE,Door,StairS,StairN
BASE_STAIRE,StairE,Door,StairS,StairS
BASE_STAIREFULL,StairE,Door,StairS,StairE
BASE_STAIRE,StairE,Door,StairS,StairW
BASE_STAIRE,StairE,Door,StairE,Empty
BASE_STAIREFULL,StairE,Door,StairE,Wall
BASE_STAIRE,StairE,Door,StairE,Door
BASE_STAIRE,StairE,Door,StairE,StairN
BASE_STAIRE,StairE,Door,StairE,StairS
BASE_STAIREFULL,StairE,Door,StairE,StairE
BASE_STAIRE,StairE,Door,StairE,StairW
BASE_STAIRE,StairE,Door,StairW,Empty
BASE_STAIREFULL,StairE,Door,StairW,Wall
BASE_STAIRE,StairE,Door,StairW,Door
BASE_STAIRE,StairE,Door,StairW,StairN
BASE_STAIRE,StairE,Door,StairW,StairS
BASE_STAIREFULL,StairE,Door,StairW,StairE
BASE_STAIRE,StairE,Door,StairW,StairW
BASE_STAIRE,StairE,StairN,Empty,Empty
BASE_STAIREFULL,StairE,StairN,Empty,Wall
BASE_STAIRE,StairE,StairN,Empty,Door
BASE_STAIRE,StairE,StairN,Empty,StairN
BASE_STAIRE,StairE,StairN,Empty,StairS
BASE_STAIREFULL,StairE,StairN,Empty,StairE
BASE_STAIRE,StairE,StairN,Empty,StairW
BASE_STAIRE,StairE,StairN,Wall,Empty
BASE_STAIREFULL,StairE,StairN,Wall,Wall
BASE_STAIRE,StairE,StairN,Wall,Door
BASE_STAIRE,StairE,StairN,Wall,StairN
BASE_STAIRE,StairE,StairN,Wall,StairS
BASE_STAIREFULL,StairE,StairN,Wall,StairE
BASE_STAIRE,StairE,StairN,Wall,StairW
BASE_STAIRE,StairE,StairN,Door,Empty
BASE_STAIREFULL,StairE,StairN,Door,Wall
BASE_STAIRE,StairE,StairN,Door,Door
BASE_STAIRE,StairE,StairN,Door,StairN
BASE_STAIRE,StairE,StairN,Door,StairS
BASE_STAIREFULL,StairE,StairN,Door,StairE
BASE_STAIRE,StairE,StairN,Door,StairW
BASE_STAIRE,StairE,StairN,StairN,Empty
BASE_STAIREFULL,StairE,StairN,StairN,Wall
BASE_STAIRE,StairE,StairN,StairN,Door
BASE_STAIRE,StairE,StairN,StairN,StairN
BASE_STAIRE,StairE,StairN,StairN,StairS
BASE_STAIREFULL,StairE,StairN,StairN,StairE
BASE_STAIRE,StairE,StairN,StairN,StairW
BASE_STAIRE,StairE,StairN,StairS,Empty
BASE_STAIREFULL,StairE,StairN,StairS,Wall
BASE_STAIRE,StairE,StairN,StairS,Door
BASE_STAIRE,StairE,StairN,StairS,StairN
BASE_STAIRE,StairE,StairN,StairS,StairS
BASE_STAIREFULL,StairE,StairN,StairS,StairE
BASE_STAIRE,StairE,StairN,StairS,StairW
BASE_STAIRE,StairE,StairN,StairE,Empty
BASE_STAIREFULL,StairE,StairN,StairE,Wall
BASE_STAIRE,StairE,StairN,StairE,Door
BASE_STAIRE,StairE,StairN,StairE,StairN
BASE_STAIRE,StairE,StairN,StairE,StairS
BASE_STAIREFULL,StairE,StairN,StairE,StairE
BASE_STAIRE,StairE,StairN,StairE,StairW
BASE_STAIRE,StairE,StairN,StairW,Empty
BASE_STAIREFULL,StairE,StairN,StairW,Wall
BASE_STAIRE,StairE,StairN,StairW,Door
BASE_STAIRE,StairE,StairN,StairW,StairN
BASE_STAIRE,StairE,StairN,StairW,StairS
BASE_STAIREFULL,StairE,StairN,StairW,StairE
BASE_STAIRE,StairE,StairN,StairW,StairW
BASE_STAIRE,StairE,StairS,Empty,Empty
BASE_STAIREFULL,StairE,StairS,Empty,Wall
BASE_STAIRE,StairE,StairS,Empty,Door
BASE_STAIRE,StairE,StairS,Empty,StairN
BASE_STAIRE,StairE,StairS,Empty,StairS
BASE_STAIREFULL,StairE,StairS,Empty,StairE
BASE_STAIRE,StairE,StairS,Empty,StairW
BASE_STAIRE,StairE,StairS,Wall,Empty
BASE_STAIREFULL,StairE,StairS,Wall,Wall
BASE_STAIRE,StairE,StairS,Wall,Door
BASE_STAIRE,StairE,StairS,Wall,StairN
BASE_STAIRE,StairE,StairS,Wall,StairS
BASE_STAIREFULL,StairE,StairS,Wall,StairE
BASE_STAIRE,StairE,StairS,Wall,StairW
BASE_STAIRE,StairE,StairS,Door,Empty
BASE_STAIREFULL,StairE,StairS,Door,Wall
BASE_STAIRE,StairE,StairS,Door,Door
BASE_STAIRE,StairE,StairS,Door,StairN
BASE_STAIRE,StairE,StairS,Door,StairS
BASE_STAIREFULL,StairE,StairS,Door,StairE
BASE_STAIRE,StairE,StairS,Door,StairW
BASE_STAIRE,StairE,StairS,StairN,Empty
BASE_STAIREFULL,StairE,StairS,StairN,Wall
BASE_STAIRE,StairE,StairS,StairN,Door
BASE_STAIRE,StairE,StairS,StairN,StairN
BASE_STAIRE,StairE,StairS,StairN,StairS
BASE_STAIREFULL,StairE,StairS,StairN,StairE
BASE_STAIRE,StairE,StairS,StairN,StairW
BASE_STAIRE,StairE,StairS,StairS,Empty
BASE_STAIREFULL,StairE,StairS,StairS,Wall
BASE_STAIRE,StairE,StairS,StairS,Door
BASE_STAIRE,StairE,StairS,StairS,StairN
BASE_STAIRE,StairE,StairS,StairS,StairS
BASE_STAIREFULL,StairE,StairS,StairS,StairE
BASE_STAIRE,StairE,StairS,StairS,StairW
BASE_STAIRE,StairE,StairS,StairE,Empty
BASE_STAIREFULL,StairE,StairS,StairE,Wall
BASE_STAIRE,StairE,StairS,StairE,Door
BASE_STAIRE,StairE,StairS,StairE,StairN
BASE_STAIRE,StairE,StairS,StairE,StairS
BASE_STAIREFULL,StairE,StairS,StairE,StairE
BASE_STAIRE,StairE,StairS,StairE,StairW
BASE_STAIRE,StairE,StairS,StairW,Empty
BASE_STAIREFULL,StairE,StairS,StairW,Wall
BASE_STAIRE,StairE,StairS,StairW,Door
BASE_STAIRE,StairE,StairS,StairW,StairN
BASE_STAIRE,StairE,StairS,StairW,StairS
BASE_STAIREFULL,StairE,StairS,StairW,StairE
BASE_STAIRE,StairE,StairS,StairW,StairW
BASE_STAIRE,StairE,StairE,Empty,Empty
BASE_STAIREFULL,StairE,StairE,Empty,Wall
BASE_STAIRE,StairE,StairE,Empty,Door
BASE_STAIRE,StairE,StairE,Empty,StairN
BASE_STAIRE,StairE,StairE,Empty,StairS
BASE_STAIREFULL,StairE,StairE,Empty,StairE
BASE_STAIRE,StairE,StairE,Empty,StairW
BASE_STAIRE,StairE,StairE,Wall,Empty
BASE_STAIREFULL,StairE,StairE,Wall,Wall
BASE_STAIRE,StairE,StairE,Wall,Door
BASE_STAIRE,StairE,StairE,Wall,StairN
BASE_STAIRE,StairE,StairE,Wall,StairS
BASE_STAIREFULL,StairE,StairE,Wall,StairE
BASE_STAIRE,StairE,StairE,Wall,StairW
BASE_STAIRE,StairE,StairE,Door,Empty
BASE_STAIREFULL,StairE,StairE,Door,Wall
BASE_STAIRE,StairE,StairE,Door,Door
BASE_STAIRE,StairE,StairE,Door,StairN
BASE_STAIRE,StairE,StairE,Door,StairS
BASE_STAIREFULL,StairE,StairE,Door,StairE
BASE_STAIRE,StairE,StairE,Door,StairW
BASE_STAIRE,StairE,StairE,StairN,Empty
BASE_STAIREFULL,StairE,StairE,StairN,Wall
BASE_STAIRE,StairE,StairE,StairN,Door
BASE_STAIRE,StairE,StairE,StairN,StairN
BASE_STAIRE,StairE,StairE,StairN,StairS
BASE_STAIREFULL,StairE,StairE,StairN,StairE
BASE_STAIRE,StairE,StairE,StairN,StairW
BASE_STAIRE,StairE,StairE,StairS,Empty
BASE_STAIREFULL,StairE,StairE,StairS,Wall
BASE_STAIRE,StairE,StairE,StairS,Door
BASE_STAIRE,StairE,StairE,StairS,StairN
BASE_STAIRE,StairE,StairE,StairS,StairS
BASE_STAIREFULL,StairE,StairE,StairS,StairE
BASE_STAIRE,StairE,StairE,StairS,StairW
BASE_STAIRE,StairE,StairE,StairE,Empty
BASE_STAIREFULL,StairE,StairE,StairE,Wall
BASE_STAIRE,StairE,StairE,StairE,Door
BASE_STAIRE,StairE,StairE,StairE,StairN
BASE_STAIRE,StairE,StairE,StairE,StairS
BASE_STAIREFULL,StairE,StairE,StairE,StairE
BASE_STAIRE,StairE,StairE,StairE,StairW
BASE_STAIRE,StairE,StairE,StairW,Empty
BASE_STAIREFULL,StairE,StairE,StairW,Wall
BASE_STAIRE,StairE,StairE,StairW,Door
BASE_STAIRE,StairE,StairE,StairW,StairN
BASE_STAIRE,StairE,StairE,StairW,StairS
BASE_STAIREFULL,StairE,StairE,StairW,StairE
BASE_STAIRE,StairE,StairE,StairW,StairW
BASE_STAIRE,StairE,StairW,Empty,Empty
BASE_STAIREFULL,StairE,StairW,Empty,Wall
BASE_STAIRE,StairE,StairW,Empty,Door
BASE_STAIRE,StairE,StairW,Empty,StairN
BASE_STAIRE,StairE,StairW,Empty,StairS
BASE_STAIREFULL,StairE,StairW,Empty,StairE
BASE_STAIRE,StairE,StairW,Empty,StairW
BASE_STAIRE,StairE,StairW,Wall,Empty
BASE_STAIREFULL,StairE,StairW,Wall,Wall
BASE_STAIRE,StairE,StairW,Wall,Door
BASE_STAIRE,StairE,StairW,Wall,StairN
BASE_STAIRE,StairE,StairW,Wall,StairS
BASE_STAIREFULL,StairE,StairW,Wall,StairE
BASE_STAIRE,StairE,StairW,Wall,StairW
BASE_STAIRE,StairE,StairW,Door,Empty
BASE_STAIREFULL,StairE,StairW,Door,Wall
BASE_STAIRE,StairE,StairW,Door,Door
BASE_STAIRE,StairE,StairW,Door,StairN
BASE_STAIRE,StairE,StairW,Door,StairS
BASE_STAIREFULL,StairE,StairW,Door,StairE
BASE_STAIRE,StairE,StairW,Door,StairW
BASE_STAIRE,StairE,StairW,StairN,Empty
BASE_STAIREFULL,StairE,StairW,StairN,Wall
BASE_STAIRE,StairE,StairW,StairN,Door
BASE_STAIRE,StairE,StairW,StairN,StairN
BASE_STAIRE,StairE,StairW,StairN,StairS
BASE_STAIREFULL,StairE,StairW,StairN,StairE
BASE_STAIRE,StairE,StairW,StairN,StairW
BASE_STAIRE,StairE,StairW,StairS,Empty
BASE_STAIREFULL,StairE,StairW,StairS,Wall
BASE_STAIRE,StairE,StairW,StairS,Door
BASE_STAIRE,StairE,StairW,StairS,StairN
BASE_STAIRE,StairE,StairW,StairS,StairS
BASE_STAIREFULL,StairE,StairW,StairS,StairE
BASE_STAIRE,StairE,StairW,StairS,StairW
BASE_STAIRE,StairE,StairW,StairE,Empty
BASE_STAIREFULL,StairE,StairW,StairE,Wall
BASE_STAIRE,StairE,StairW,StairE,Door
BASE_STAIRE,StairE,StairW,StairE,StairN
BASE_STAIRE,StairE,StairW,StairE,StairS
BASE_STAIREFULL,StairE,StairW,StairE,StairE
BASE_STAIRE,StairE,StairW,StairE,StairW
BASE_STAIRE,StairE,StairW,StairW,Empty
BASE_STAIREFULL,StairE,StairW,StairW,Wall
BASE_STAIRE,StairE,StairW,StairW,Door
BASE_STAIRE,StairE,StairW,StairW,StairN
BASE_STAIRE,StairE,StairW,StairW,StairS
BASE_STAIREFULL,StairE,StairW,StairW,StairE
BASE_STAIRE,StairE,StairW,StairW,StairW
BASE_STAIRW,StairW,Empty,Empty,Empty
BASE_STAIRWFULL,StairW,Empty,Empty,Wall
BASE_STAIRW,StairW,Empty,Empty,Door
BASE_STAIRW,StairW,Empty,Empty,StairN
BASE_STAIRW,StairW,Empty,Empty,StairS
BASE_STAIRW,StairW,Empty,Empty,StairE
BASE_STAIRWFULL,StairW,Empty,Empty,StairW
BASE_STAIRW,StairW,Empty,Wall,Empty
BASE_STAIRWFULL,StairW,Empty,Wall,Wall
BASE_STAIRW,StairW,Empty,Wall,Door
BASE_STAIRW,StairW,Empty,Wall,StairN
BASE_STAIRW,StairW,Empty,Wall,StairS
BASE_STAIRW,StairW,Empty,Wall,StairE
BASE_STAIRWFULL,StairW,Empty,Wall,StairW
BASE_STAIRW,StairW,Empty,Door,Empty
BASE_STAIRWFULL,StairW,Empty,Door,Wall
BASE_STAIRW,StairW,Empty,Door,Door
BASE_STAIRW,StairW,Empty,Door,StairN
BASE_STAIRW,StairW,Empty,Door,StairS
BASE_STAIRW,StairW,Empty,Door,StairE
BASE_STAIRWFULL,StairW,Empty,Door,StairW
BASE_STAIRW,StairW,Empty,StairN,Empty
BASE_STAIRWFULL,StairW,Empty,StairN,Wall
BASE_STAIRW,StairW,Empty,StairN,Door
BASE_STAIRW,StairW,Empty,StairN,StairN
BASE_STAIRW,StairW,Empty,StairN,StairS
BASE_STAIRW,StairW,Empty,StairN,StairE
BASE_STAIRWFULL,StairW,Empty,StairN,StairW
BASE_STAIRW,StairW,Empty,StairS,Empty
BASE_STAIRWFULL,StairW,Empty,StairS,Wall
BASE_STAIRW,StairW,Empty,StairS,Door
BASE_STAIRW,StairW,Empty,StairS,StairN
BASE_STAIRW,StairW,Empty,StairS,StairS
BASE_STAIRW,StairW,Empty,StairS,StairE
BASE_STAIRWFULL,StairW,Empty,StairS,StairW
BASE_STAIRW,StairW,Empty,StairE,Empty
BASE_STAIRWFULL,StairW,Empty,StairE,Wall
BASE_STAIRW,StairW,Empty,StairE,Door
BASE_STAIRW,StairW,Empty,StairE,StairN
BASE_STAIRW,StairW,Empty,StairE,StairS
BASE_STAIRW,StairW,Empty,StairE,StairE
BASE_STAIRWFULL,StairW,Empty,StairE,StairW
BASE_STAIRW,StairW,Empty,StairW,Empty
BASE_STAIRWFULL,StairW,Empty,StairW,Wall
BASE_STAIRW,StairW,Empty,StairW,Door
BASE_STAIRW,StairW,Empty,StairW,StairN
BASE_STAIRW,StairW,Empty,StairW,StairS
BASE_STAIRW,StairW,Empty,StairW,StairE
BASE_STAIRWFULL,StairW,Empty,StairW,StairW
BASE_STAIRW,StairW,Wall,Empty,Empty
BASE_STAIRWFULL,StairW,Wall,Empty,Wall
BASE_STAIRW,StairW,Wall,Empty,Door
BASE_STAIRW,StairW,Wall,Empty,StairN
BASE_STAIRW,StairW,Wall,Empty,StairS
BASE_STAIRW,StairW,Wall,Empty,StairE
BASE_STAIRWFULL,StairW,Wall,Empty,StairW
BASE_STAIRW,StairW,Wall,Wall,Empty
BASE_STAIRWFULL,StairW,Wall,Wall,Wall
BASE_STAIRW,StairW,Wall,Wall,Door
BASE_STAIRW,StairW,Wall,Wall,StairN
BASE_STAIRW,StairW,Wall,Wall,StairS
BASE_STAIRW,StairW,Wall,Wall,StairE
BASE_STAIRWFULL,StairW,Wall,Wall,StairW
BASE_STAIRW,StairW,Wall,Door,Empty
BASE_STAIRWFULL,StairW,Wall,Door,Wall
BASE_STAIRW,StairW,Wall,Door,Door
BASE_STAIRW,StairW,Wall,Door,StairN
BASE_STAIRW,StairW,Wall,Door,StairS
BASE_STAIRW,StairW,Wall,Door,StairE
BASE_STAIRWFULL,StairW,Wall,Door,StairW
BASE_STAIRW,StairW,Wall,StairN,Empty
BASE_STAIRWFULL,StairW,Wall,StairN,Wall
BASE_STAIRW,StairW,Wall,StairN,Door
BASE_STAIRW,StairW,Wall,StairN,StairN
BASE_STAIRW,StairW,Wall,StairN,StairS
BASE_STAIRW,StairW,Wall,StairN,StairE
BASE_STAIRWFULL,StairW,Wall,StairN,StairW
BASE_STAIRW,StairW,Wall,StairS,Empty
BASE_STAIRWFULL,StairW,Wall,StairS,Wall
BASE_STAIRW,StairW,Wall,StairS,Door
BASE_STAIRW,StairW,Wall,StairS,StairN
BASE_STAIRW,StairW,Wall,StairS,StairS
BASE_STAIRW,StairW,Wall,StairS,StairE
BASE_STAIRWFULL,StairW,Wall,StairS,StairW
BASE_STAIRW,StairW,Wall,StairE,Empty
BASE_STAIRWFULL,StairW,Wall,StairE,Wall
BASE_STAIRW,StairW,Wall,StairE,Door
BASE_STAIRW,StairW,Wall,StairE,StairN
BASE_STAIRW,StairW,Wall,StairE,StairS
BASE_STAIRW,StairW,Wall,StairE,StairE
BASE_STAIRWFULL,StairW,Wall,StairE,StairW
BASE_STAIRW,StairW,Wall,StairW,Empty
BASE_STAIRWFULL,StairW,Wall,StairW,Wall
BASE_STAIRW,StairW,Wall,StairW,Door
BASE_STAIRW,StairW,Wall,StairW,StairN
BASE_STAIRW,StairW,Wall,StairW,StairS
BASE_STAIRW,StairW,Wall,StairW,StairE
BASE_STAIRWFULL,StairW,Wall,StairW,StairW
BASE_STAIRW,StairW,Door,Empty,Empty
BASE_STAIRWFULL,StairW,Door,Empty,Wall
BASE_STAIRW,StairW,Door,Empty,Door
BASE_STAIRW,StairW,Door,Empty,StairN
BASE_STAIRW,StairW,Door,Empty,StairS
BASE_STAIRW,StairW,Door,Empty,StairE
BASE_STAIRWFULL,StairW,Door,Empty,StairW
BASE_STAIRW,StairW,Door,Wall,Empty
BASE_STAIRWFULL,StairW,Door,Wall,Wall
BASE_STAIRW,StairW,Door,Wall,Door
BASE_STAIRW,StairW,Door,Wall,StairN
BASE_STAIRW,StairW,Door,Wall,StairS
BASE_STAIRW,StairW,Door,Wall,StairE
BASE_STAIRWFULL,StairW,Door,Wall,StairW
BASE_STAIRW,StairW,Door,Door,Empty
BASE_STAIRWFULL,StairW,Door,Door,Wall
BASE_STAIRW,StairW,Door,Door,Door
BASE_STAIRW,StairW,Door,Door,StairN
BASE_STAIRW,StairW,Door,Door,StairS
BASE_STAIRW,StairW,Door,Door,StairE
BASE_STAIRWFULL,StairW,Door,Door,StairW
BASE_STAIRW,StairW,Door,StairN,Empty
BASE_STAIRWFULL,StairW,Door,StairN,Wall
BASE_STAIRW,StairW,Door,StairN,Door
BASE_STAIRW,StairW,Door,StairN,StairN
BASE_STAIRW,StairW,Door,StairN,StairS
BASE_STAIRW,StairW,Door,StairN,StairE
BASE_STAIRWFULL,StairW,Door,StairN,StairW
BASE_STAIRW,StairW,Door,StairS,Empty
BASE_STAIRWFULL,StairW,Door,StairS,Wall
BASE_STAIRW,StairW,Door,StairS,Door
BASE_STAIRW,StairW,Door,StairS,StairN
BASE_STAIRW,StairW,Door,StairS,StairS
BASE_STAIRW,StairW,Door,StairS,StairE
BASE_STAIRWFULL,StairW,Door,StairS,StairW
BASE_STAIRW,StairW,Door,StairE,Empty
BASE_STAIRWFULL,StairW,Door,StairE,Wall
BASE_STAIRW,StairW,Door,StairE,Door
BASE_STAIRW,StairW,Door,StairE,StairN
BASE_STAIRW,StairW,Door,StairE,StairS
BASE_STAIRW,StairW,Door,StairE,StairE
BASE_STAIRWFULL,StairW,Door,StairE,StairW
BASE_STAIRW,StairW,Door,StairW,Empty
BASE_STAIRWFULL,StairW,Door,StairW,Wall
BASE_STAIRW,StairW,Door,StairW,Door
BASE_STAIRW,StairW,Door,StairW,StairN
BASE_STAIRW,StairW,Door,StairW,StairS
BASE_STAIRW,StairW,Door,StairW,StairE
BASE_STAIRWFULL,StairW,Door,StairW,StairW
BASE_STAIRW,StairW,StairN,Empty,Empty
BASE_STAIRWFULL,StairW,StairN,Empty,Wall
BASE_STAIRW,StairW,StairN,Empty,Door
BASE_STAIRW,StairW,StairN,Empty,StairN
BASE_STAIRW,StairW,StairN,Empty,StairS
BASE_STAIRW,StairW,StairN,Empty,StairE
BASE_STAIRWFULL,StairW,StairN,Empty,StairW
BASE_STAIRW,StairW,StairN,Wall,Empty
BASE_STAIRWFULL,StairW,StairN,Wall,Wall
BASE_STAIRW,StairW,StairN,Wall,Door
BASE_STAIRW,StairW,StairN,Wall,StairN
BASE_STAIRW,StairW,StairN,Wall,StairS
BASE_STAIRW,StairW,StairN,Wall,StairE
BASE_STAIRWFULL,StairW,StairN,Wall,StairW
BASE_STAIRW,StairW,StairN,Door,Empty
BASE_STAIRWFULL,StairW,StairN,Door,Wall
BASE_STAIRW,StairW,StairN,Door,Door
BASE_STAIRW,StairW,StairN,Door,StairN
BASE_STAIRW,StairW,StairN,Door,StairS
BASE_STAIRW,StairW,StairN,Door,StairE
BASE_STAIRWFULL,StairW,StairN,Door,StairW
BASE_STAIRW,StairW,StairN,StairN,Empty
BASE_STAIRWFULL,StairW,StairN,StairN,Wall
BASE_STAIRW,StairW,StairN,StairN,Door
BASE_STAIRW,StairW,StairN,StairN,StairN
BASE_STAIRW,StairW,StairN,StairN,StairS
BASE_STAIRW,StairW,StairN,StairN,StairE
BASE_STAIRWFULL,StairW,StairN,StairN,StairW
BASE_STAIRW,StairW,StairN,StairS,Empty
BASE_STAIRWFULL,StairW,StairN,StairS,Wall
BASE_STAIRW,StairW,StairN,StairS,Door
BASE_STAIRW,StairW,StairN,StairS,StairN
BASE_STAIRW,StairW,StairN,StairS,StairS
BASE_STAIRW,StairW,StairN,StairS,StairE
BASE_STAIRWFULL,StairW,StairN,StairS,StairW
BASE_STAIRW,StairW,StairN,StairE,Empty
BASE_STAIRWFULL,StairW,StairN,StairE,Wall
BASE_STAIRW,StairW,StairN,StairE,Door
BASE_STAIRW,StairW,StairN,StairE,StairN
BASE_STAIRW,StairW,StairN,StairE,StairS
BASE_STAIRW,StairW,StairN,StairE,StairE
BASE_STAIRWFULL,StairW,StairN,StairE,StairW
BASE_STAIRW,StairW,StairN,StairW,Empty
BASE_STAIRWFULL,StairW,StairN,StairW,Wall
BASE_STAIRW,StairW,StairN,StairW,Door
BASE_STAIRW,StairW,StairN,StairW,StairN
BASE_STAIRW,StairW,StairN,StairW,StairS
BASE_STAIRW,StairW,StairN,StairW,StairE
BASE_STAIRWFULL,StairW,StairN,StairW,StairW
BASE_STAIRW,StairW,StairS,Empty,Empty
BASE_STAIRWFULL,StairW,StairS,Empty,Wall
BASE_STAIRW,StairW,StairS,Empty,Door
BASE_STAIRW,StairW,StairS,Empty,StairN
BASE_STAIRW,StairW,StairS,Empty,StairS
BASE_STAIRW,StairW,StairS,Empty,StairE
BASE_STAIRWFULL,StairW,StairS,Empty,StairW
BASE_STAIRW,StairW,StairS,Wall,Empty
BASE_STAIRWFULL,StairW,StairS,Wall,Wall
BASE_STAIRW,StairW,StairS,Wall,Door
BASE_STAIRW,StairW,StairS,Wall,StairN
BASE_STAIRW,StairW,StairS,Wall,StairS
BASE_STAIRW,StairW,StairS,Wall,StairE
BASE_STAIRWFULL,StairW,StairS,Wall,StairW
BASE_STAIRW,StairW,StairS,Door,Empty
BASE_STAIRWFULL,StairW,StairS,Door,Wall
BASE_STAIRW,StairW,StairS,Door,Door
BASE_STAIRW,StairW,StairS,Door,StairN
BASE_STAIRW,StairW,StairS,Door,StairS
BASE_STAIRW,StairW,StairS,Door,StairE
BASE_STAIRWFULL,StairW,StairS,Door,StairW
BASE_STAIRW,StairW,StairS,StairN,Empty
BASE_STAIRWFULL,StairW,StairS,StairN,Wall
BASE_STAIRW,StairW,StairS,StairN,Door
BASE_STAIRW,StairW,StairS,StairN,StairN
BASE_STAIRW,StairW,StairS,StairN,StairS
BASE_STAIRW,StairW,StairS,StairN,StairE
BASE_STAIRWFULL,StairW,StairS,StairN,StairW
BASE_STAIRW,StairW,StairS,StairS,Empty
BASE_STAIRWFULL,StairW,StairS,StairS,Wall
BASE_STAIRW,StairW,StairS,StairS,Door
BASE_STAIRW,StairW,StairS,StairS,StairN
BASE_STAIRW,StairW,StairS,StairS,StairS
BASE_STAIRW,StairW,StairS,StairS,StairE
BASE_STAIRWFULL,StairW,StairS,StairS,StairW
BASE_STAIRW,StairW,StairS,StairE,Empty
BASE_STAIRWFULL,StairW,StairS,StairE,Wall
BASE_STAIRW,StairW,StairS,StairE,Door
BASE_STAIRW,StairW,StairS,StairE,StairN
BASE_STAIRW,StairW,StairS,StairE,StairS
BASE_STAIRW,StairW,StairS,StairE,StairE
BASE_STAIRWFULL,StairW,StairS,StairE,StairW
BASE_STAIRW,StairW,StairS,StairW,Empty
BASE_STAIRWFULL,StairW,StairS,StairW,Wall
BASE_STAIRW,StairW,StairS,StairW,Door
BASE_STAIRW,StairW,StairS,StairW,StairN
BASE_STAIRW,StairW,StairS,StairW,StairS
BASE_STAIRW,StairW,StairS,StairW,StairE
BASE_STAIRWFULL,StairW,StairS,StairW,StairW
BASE_STAIRW,StairW,StairE,Empty,Empty
BASE_STAIRWFULL,StairW,StairE,Empty,Wall
BASE_STAIRW,StairW,StairE,Empty,Door
BASE_STAIRW,StairW,StairE,Empty,StairN
BASE_STAIRW,StairW,StairE,Empty,StairS
BASE_STAIRW,StairW,StairE,Empty,StairE
BASE_STAIRWFULL,StairW,StairE,Empty,StairW
BASE_STAIRW,StairW,StairE,Wall,Empty
BASE_STAIRWFULL,StairW,StairE,Wall,Wall
BASE_STAIRW,StairW,StairE,Wall,Door
BASE_STAIRW,StairW,StairE,Wall,StairN
BASE_STAIRW,StairW,StairE,Wall,StairS
BASE_STAIRW,StairW,StairE,Wall,StairE
BASE_STAIRWFULL,StairW,StairE,Wall,StairW
BASE_STAIRW,StairW,StairE,Door,Empty
BASE_STAIRWFULL,StairW,StairE,Door,Wall
BASE_STAIRW,StairW,StairE,Door,Door
BASE_STAIRW,StairW,StairE,Door,StairN
BASE_STAIRW,StairW,StairE,Door,StairS
BASE_STAIRW,StairW,StairE,Door,StairE
BASE_STAIRWFULL,StairW,StairE,Door,StairW
BASE_STAIRW,StairW,StairE,StairN,Empty
BASE_STAIRWFULL,StairW,StairE,StairN,Wall
BASE_STAIRW,StairW,StairE,StairN,Door
BASE_STAIRW,StairW,StairE,StairN,StairN
BASE_STAIRW,StairW,StairE,StairN,StairS
BASE_STAIRW,StairW,StairE,StairN,StairE
BASE_STAIRWFULL,StairW,StairE,StairN,StairW
BASE_STAIRW,StairW,StairE,StairS,Empty
BASE_STAIRWFULL,StairW,StairE,StairS,Wall
BASE_STAIRW,StairW,StairE,StairS,Door
BASE_STAIRW,StairW,StairE,StairS,StairN
BASE_STAIRW,StairW,StairE,StairS,StairS
BASE_STAIRW,StairW,StairE,StairS,StairE
BASE_STAIRWFULL,StairW,StairE,StairS,StairW
BASE_STAIRW,StairW,StairE,StairE,Empty
BASE_STAIRWFULL,StairW,StairE,StairE,Wall
BASE_STAIRW,StairW,StairE,StairE,Door
BASE_STAIRW,StairW,StairE,StairE,StairN
BASE_STAIRW,StairW,StairE,StairE,StairS
BASE_STAIRW,StairW,StairE,StairE,StairE
BASE_STAIRWFULL,StairW,StairE,StairE,StairW
BASE_STAIRW,StairW,StairE,StairW,Empty
BASE_STAIRWFULL,StairW,StairE,StairW,Wall
BASE_STAIRW,StairW,StairE,StairW,Door
BASE_STAIRW,StairW,StairE,StairW,StairN
BASE_STAIRW,StairW,StairE,StairW,StairS
BASE_STAIRW,StairW,StairE,StairW,StairE
BASE_STAIRWFULL,StairW,StairE,StairW,StairW
BASE_STAIRW,StairW,StairW,Empty,Empty
BASE_STAIRWFULL,StairW,StairW,Empty,Wall
BASE_STAIRW,StairW,StairW,Empty,Door
BASE_STAIRW,StairW,StairW,Empty,StairN
BASE_STAIRW,StairW,StairW,Empty,StairS
BASE_STAIRW,StairW,StairW,Empty,StairE
BASE_STAIRWFULL,StairW,StairW,Empty,StairW
BASE_STAIRW,StairW,StairW,Wall,Empty
BASE_STAIRWFULL,StairW,StairW,Wall,Wall
BASE_STAIRW,StairW,StairW,Wall,Door
BASE_STAIRW,StairW,StairW,Wall,StairN
BASE_STAIRW,StairW,StairW,Wall,StairS
BASE_STAIRW,StairW,StairW,Wall,StairE
BASE_STAIRWFULL,StairW,StairW,Wall,StairW
BASE_STAIRW,StairW,StairW,Door,Empty
BASE_STAIRWFULL,StairW,StairW,Door,Wall
BASE_STAIRW,StairW,StairW,Door,Door
BASE_STAIRW,StairW,StairW,Door,StairN
BASE_STAIRW,StairW,StairW,Door,StairS
BASE_STAIRW,StairW,StairW,Door,StairE
BASE_STAIRWFULL,StairW,StairW,Door,StairW
BASE_STAIRW,StairW,StairW,StairN,Empty
BASE_STAIRWFULL,StairW,StairW,StairN,Wall
BASE_STAIRW,StairW,StairW,StairN,Door
BASE_STAIRW,StairW,StairW,StairN,StairN
BASE_STAIRW,StairW,StairW,StairN,StairS
BASE_STAIRW,StairW,StairW,StairN,StairE
BASE_STAIRWFULL,StairW,StairW,StairN,StairW
BASE_STAIRW,StairW,StairW,StairS,Empty
BASE_STAIRWFULL,StairW,StairW,StairS,Wall
BASE_STAIRW,StairW,StairW,StairS,Door
BASE_STAIRW,StairW,StairW,StairS,StairN
BASE_STAIRW,StairW,StairW,StairS,StairS
BASE_STAIRW,StairW,StairW,StairS,StairE
BASE_STAIRWFULL,StairW,StairW,StairS,StairW
BASE_STAIRW,StairW,StairW,StairE,Empty
BASE_STAIRWFULL,StairW,StairW,StairE,Wall
BASE_STAIRW,StairW,StairW,StairE,Door
BASE_STAIRW,StairW,StairW,StairE,StairN
BASE_STAIRW,StairW,StairW,StairE,StairS
BASE_STAIRW,StairW,StairW,StairE,StairE
BASE_STAIRWFULL,StairW,StairW,StairE,StairW
BASE_STAIRW,StairW,StairW,StairW,Empty
BASE_STAIRWFULL,StairW,StairW,StairW,Wall
BASE_STAIRW,StairW,StairW,StairW,Door
BASE_STAIRW,StairW,StairW,StairW,StairN
BASE_STAIRW,StairW,StairW,StairW,StairS
BASE_STAIRW,StairW,StairW,StairW,StairE
BASE_STAIRWFULL,StairW,StairW,StairW,StairW
